Versión,count
"""""""2.4 SXT (TECHO""",1
"""2.4 SXT ATX6 (TECHO, DVD)""",1
.,2
"1,0 170TSI MT",1
"1,4 250TSI 150HP COMFORTLINE",1
1.0 170 TSI,1
1.0 170 TSI Manual,1
1.0 170 Tsi Mt,123
1.0 200 Tsi Comfortline Aut,19
1.0 200 Tsi Highline Aut,22
1.0 30 Tfsi Stronic Sport,11
1.0 COMFORTLINE MT,1
1.0 Comfortline 200 TSI AT,1
1.0 IMPETUS,1
1.0 IMPETUS L22,1
1.0 Impetus T3 Cvt,222
1.0 TSI COMFORTLINE 200 AT,1
1.0 TSI HIGHLINE 200 AT,1
1.0 TSI MT,1
1.0 TURBO AUDACE,1
1.0 Trendline 170 TSI,1
1.0 Tsi 170 Mt,51
1.0 Tsi 170 Mt Confortline,40
1.0 Tsi 200 Comfortline,55
1.0 Tsi 200 Highline,19
1.0 Tsi Comfortline At,2
1.0 Tsi Tiptronic Comfortline,179
1.0 Tsi Tiptronic Hero,17
1.0 Tsi Tiptronic Highline,58
1.0t audace,1
1.2 AT,2
1.2 Ltz Turbo At,130
1.2 Premier Turbo At,179
1.2 Puretech 110 At6 Rip Curl,6
1.2 Puretech 110 At6 S&s Shine,107
1.2 T AT 4x2,5
1.2 T AT PREMIER Cr,1
1.2 T AUTOMATICA LTZ,1
1.2 T LTZ AT 4x2,2
1.2 T LTZ AT6,1
1.2 T PREMIER AT 4x2,1
1.2 TURBO AT6,2
1.2 TURBO PREMIER,1
1.2 Turbo At,192
1.2 Turbo At argentina,17
1.2 Turbo At6 L/22,1
1.2 Turbo Ltz At,41
1.2 Turbo Mt,127
1.2 Turbo Mt argentina,5
1.2 Turbo Premier At,52
1.2T AT LTZ,1
1.2T AT Premier,1
1.3 AT6,1
1.3 Abarth Gse At,45
1.3 CVT,1
1.3 DRIVE 4x2 CVT,1
1.3 DRIVE 4x2 MT,1
1.3 Drive Gse Cvt,152
1.3 Drive Gse Mt,79
1.3 Drive Mt,1
1.3 Gla200 Progressive 163Cv,3
1.3 Iconic CVT,1
1.3 Jlx,2
1.3 Jlx 4x4,7
1.3 Jx 4x4 Aa,2
1.3 LIMITED,1
1.3 Longitude At6,13
1.3 Metal/lona,4
1.3 Serie-S At6,43
1.3 Sport At6,46
1.3 Sx 4wd,6
1.3 Sx 4wd At,2
1.3 T 270 4X4 TRAILHAWK AT9 L23,1
1.3 T 270 LIMITED PLUS,1
1.3 T 270 LONGITUDE AT6 L21,1
1.3 T 270 SERIE-S AT6,2
1.3 T 270 SERIE-S AT6 L23,1
1.3 T 270 SPORT AT6,1
1.3 T 4X2 ICONIC CVT,1
1.3 T 4X4 ICONIC,1
1.3 T ABARTH AT6 L24,1
1.3 T270 4X2 AT6,1
1.3 T270 Limited,123
1.3 T270 Longitude,43
1.3 T270 Longitude Plus At6,29
1.3 T270 Serie-S,1
1.3 T270 Serie-S At6,1
1.3 T270 Sport,118
1.3 T270 Trailhawk,2
1.3 TCE Outsider 4x4,1
1.3 TURBO 270,1
1.3 TURBO LIMITED,1
1.3 TURBO SERIE S,1
1.3 TURBO T270 A/T9 TRAILHAWK 4x4,1
1.3 Tce 163 Iconic Cvt 2wd,45
1.3 Tce 163 Outsider Mt 2wd,6
1.3 Tce Turbo Iconic 155 Cv CVT X-Tronic,1
1.3 Tce Turbo Iconic 155Cv,21
1.3 Tce Turbo Iconic 155Cv Cvt X-Tronic,46
1.3 Turbo,1
1.3 Turbo Serie S,2
1.3 Turbo Sport 6at,1
1.3 Turbo nafta,1
1.3 t270 At6,1
1.3T At6 4X2,1
1.3T LIMITED T270 AT 4x2,1
1.3T LONGITUD T270 AT 4x2,2
1.3T Longitude T270,1
1.3T SPORT T270 AT 4X2,1
1.3Tce Iconic 4x4,1
1.3Tce Outsider 4x4,1
1.3l T Iconic CVT,1
1.3t Limited aut. 4x2,1
1.4,1
1.4 250 TSI COMFORTLINE TIPTRONIC L23,2
1.4 250 TSI HIGHLINE TIPTRONIC L21,1
1.4 250 TSI Highline Tiptronic,1
1.4 250 Tsi Comfortline,321
1.4 250 Tsi Comfortline Tip,1
1.4 250 Tsi Hero,56
1.4 250 Tsi Highline,420
1.4 250 Tsi Highline Tip,2
1.4 35 Tfsi Sport 150 Cv,22
1.4 35tfsi 150 Cv,28
1.4 35tfsi Sportback 150 Cv,27
1.4 Glb200 Advance 163Cv,8
1.4 My10 Tdci Xl Plus 4x2,1
1.4 My10 Tdci Xls 4x2,2
1.4 POP STAR MT,3
1.4 T 16v Cross At9,23
1.4 T 16v Pop,30
1.4 T 250 TSI ALLSPACE TRENDLINE AT L20,1
1.4 T ALLSPACE TRENDLINE AT L17,7
1.4 T FSI S-Tronic Sport,1
1.4 TFSI STRONIC,1
1.4 TSI DSG At,1
1.4 TSI TRENDLINE DSG,2
1.4 TSI TRENDLINE DSG 7AS,1
1.4 TSi Highline 250,1
1.4 Tdci Xl Plus,4
1.4 Tdci Xl Plus Mp3 4x2,7
1.4 Tdci Xls,7
1.4 Tdci Xls Mp3 4x2,15
1.4 Tfsi 120cv 4x2,5
1.4 Tfsi 150 Cv,10
1.4 Tfsi Serie 150 Cv,18
1.4 Tfsi Sport 150 Cv,30
1.4 Tfsi Stronic 150 Cv,31
1.4 Trendline R LINE,1
1.4 Tsi Dsg,3
1.4 Tsi Trendline 150cv Dsg,88
1.4T ALLSPACE,1
1.4T COMFORTLINE AT,1
1.4T HIGHLINE AT,2
1.4TSi Comfortline 250Nm,1
1.4allspace trendlin,1
1.5 35 TFSI ADVANCED 150CV,1
1.5 35 Tfsi Advanced 150 Cv,12
1.5 4Wd Big Bend At8,42
1.5 4x4 EX T,1
1.5 At Safety,1
1.5 At Safety +,1
1.5 Comfort Cvt,9
1.5 Comfort Mt,7
1.5 Confort,17
1.5 Confort Manual,2
1.5 Cvt Fashion,1
1.5 D Se 100cv 4x2,23
1.5 Ecoboost 4Wd Big Bend At8,19
1.5 Elite,9
1.5 Elite At,1
1.5 FREESTYLE L18,1
1.5 Fashion At,1
1.5 Freestyle 123cv 4x2,58
1.5 Freestyle 123cv 4x4,3
1.5 Intelligent,3
1.5 Lt At,9
1.5 Luxury,15
1.5 Luxury At,26
1.5 Luxury Cvt,11
1.5 Peppers Automatico,1
1.5 S 123cv 4x2,37
1.5 S MT 4x2,1
1.5 S Tdci 90cv 4x2,11
1.5 SE L18,1
1.5 SE MT 4x2,2
1.5 Se,4
1.5 Se 123cv 4x2,55
1.5 Se 123cv 4x2 Automática,46
1.5 Se 123cv 4x2 Manual,67
1.5 Se Tdci 90cv 4x2,19
1.5 T AWD PREMIER AT6 L18,3
1.5 T Ex 4wd At,1
1.5 T LS 2WD AT,1
1.5 TDCI SE L18,1
1.5 TITANIUM,4
1.5 TITANIUM AT 4x2,2
1.5 TITANIUM L18,1
1.5 TITANIUM MT 4x2,3
1.5 TURBO CTV - LUXURY,1
1.5 TURBO DCT - LUXURY,1
1.5 TURBO DCT - LUXURY BI-TONO,1
1.5 Titanium 123Cv 4X2,7
1.5 Titanium 123cv 4x2 Automática,37
1.5 Titanium 123cv 4x2 Manual,62
1.5 Trend 4x2 Aut,2
1.5 Turbo Dct - Luxury,3
1.5 Turbo LX 4x2,1
1.5 Turbo Luxury Cvt,1
1.5 Turbo RS 2WD,2
1.5 pro luxury cvt,1
1.5 turbo Honor,1
1.5T,2
1.5T 2Wd,2
1.5T DCT LUXURY,1
1.5T LS AT 4x2,1
1.5T LUXURY DCT AT,1
1.5T Luxury Cvt,2
1.5T Luxury Dct AT,1
1.5T PREMIER AT 4x4,1
1.5T RS FWD AT,3
1.5T SEL CVT,3
1.5T Sel Cvt 143Cv,2
1.5T TITANIUM CVT,3
1.5t Elite Cvt,9
1.5t Lt 2wd,28
1.5t Premier 4wd,127
1.5t Rs Fwd At,1
1.5t Sel,41
1.5t Titanium,99
1.6,1
1.6 115 Feel Pack,2
1.6 16v Intens Cvt,1
1.6 16v Intense,1
1.6 3 Confort,49
1.6 3 Luxury,13
1.6 3 Luxury Cvt,13
1.6 3ptas,1
1.6 4X2 DYNAMIQUE L15,2
1.6 4X2 EXPRESSION L15,1
1.6 4X2 INTENS,1
1.6 4X2 INTENS CVT L21,1
1.6 4X2 PRIVILEGE L15,1
1.6 4X4 FULL PREMIUM AT L17,1
1.6 4x2 Confort 110cv,31
1.6 4x2 Confort Abs 110cv,34
1.6 4x2 Confort Plus 110cv,41
1.6 4x2 Confort Plus Abs 110cv,56
1.6 4x2 Confort Plus Abs 110cv Alu,11
1.6 4x2 Dakar Spirit 110cv,1
1.6 4x2 Dynamique 110cv,48
1.6 4x2 Expression 110cv,23
1.6 4x2 Tech Road 110cv,28
1.6 4x4,4
1.6 5D,1
1.6 ACTIVE MT 4x2,1
1.6 ADVANCE CVT L17,6
1.6 ALLURE L/19 MT,1
1.6 ALLURE L16,2
1.6 ALLURE L19,2
1.6 ALLURE TIPTRONIC L16,1
1.6 ALLURE TIPTRONIC L17,2
1.6 Active,32
1.6 Active am20,1
1.6 Advance 120cv,2
1.6 Advance Cvt,3
1.6 Advance Cvt l21,1
1.6 Allure,112
1.6 Allure At,1
1.6 Allure Mt,1
1.6 Allure Thp Tiptronic,1
1.6 Allure Tip,36
1.6 Allure Tiptronic,2
1.6 Allure am20,13
1.6 At Safety,10
1.6 At Safety+,22
1.6 At Style,7
1.6 BOSE CVT,1
1.6 COMFORTLINE AT6 L19,2
1.6 COMFORTLINE L15,3
1.6 COMFORTLINE L19,1
1.6 CONFORT MT,1
1.6 CROSS HIGHLINE L13,2
1.6 CROSSWAY L18,2
1.6 Classic 132cv 6mt,3
1.6 Classic 5mt,9
1.6 Comfortline At,54
1.6 Comfortline Mt,26
1.6 Crossway,6
1.6 Dynamique,49
1.6 Dynamique 105cv,1
1.6 Dynamique Full 4X2 1.6 110Hp 16v - Anticipo -,1
1.6 Dynamique Full E. 1.6 110Hp 16v - Anticipo -,1
1.6 EMOTION SCE,1
1.6 EX AT 4x2,1
1.6 EXCLUISIVE CVT,1
1.6 EXCLUSIVE CVT L17,6
1.6 EXCLUSIVE CVT L21,1
1.6 Ex,12
1.6 Ex 132cv 6at,10
1.6 Ex 132cv 6mt,3
1.6 Ex At,1
1.6 Ex Bc 132cv 6at,6
1.6 Ex Bc 132cv 6mt,1
1.6 Ex Premium 6at,1
1.6 Ex X-Line T-Gdi Awd,1
1.6 Exclusive 120cv,3
1.6 Exclusive Cvt,4
1.6 Expression,1
1.6 F2 Confort 4x2 125cv,23
1.6 FELINE L/19 TIPTRONIC,1
1.6 FELINE L16,3
1.6 FELINE L19,2
1.6 FELINE MT 4x2,1
1.6 FELINE TIPTRONIC AT,1
1.6 FELINE TIPTRONIC L17,1
1.6 FELINE TIPTRONIC L19,2
1.6 FREESTYLE MT,2
1.6 FREESTYLE MT 4x2,1
1.6 Feel AT plus,1
1.6 Feline,135
1.6 Feline Tip,50
1.6 Feline Tip am20,4
1.6 Feline Tiptronic,2
1.6 Feline am20,13
1.6 Freestyle,1
1.6 Freestyle 110cv 4x2,127
1.6 Féline Mt,2
1.6 Gas Mt,1
1.6 Gl,1
1.6 Gl Automática,12
1.6 Gl Connect Automática,15
1.6 Gl Connect Manual,1
1.6 Gl Manual,1
1.6 Gl Plus Allgrip 120cv,3
1.6 Gla200 At Urban 156cv,20
1.6 Gla200 Progressive 163cv,1
1.6 Gla200 Urban 156cv,51
1.6 Gla250 Amg-line 211cv,43
1.6 Gla250 At Sport B.efficiency,13
1.6 Gla250 Urban 211cv,2
1.6 Glx Allgrip 120cv,5
1.6 Gt Thp Pack Tiptronic,1
1.6 Gt-line Thp,1
1.6 Gt-line Thp Pack Tiptronic,109
1.6 Gt-line Thp Tiptronic,63
1.6 HIGHLINE AT6 L19,3
1.6 HIGHLINE L15,2
1.6 Highline At,45
1.6 Hr16 Intens 115Cv,3
1.6 Hr16 Intens 115Cv Cvt X-Tronic,2
1.6 Hybrid 4,1
1.6 I Comfortline 90a,1
1.6 INTENS OKM,1
1.6 In Concert,3
1.6 In Concert Tiptronic,6
1.6 Intens,1
1.6 Intens Cvt,84
1.6 Intens Mt,3
1.6 Intense CVT,1
1.6 Jcw 211cv All4,1
1.6 Jlx Sidekick,25
1.6 Jlx Sidekick 4X4,2
1.6 Jlx T/lonasidekick,9
1.6 Jx Sidekick,6
1.6 L 4x2 XL PLUS,1
1.6 L 4x2 XLS,1
1.6 L.4.2 XL PLUS,1
1.6 Life,29
1.6 Luxury Cvt,10
1.6 My10 Freestyle 4x2,2
1.6 My10 Xl Plus Mp3 4x2,69
1.6 My10 Xls 4x2,61
1.6 My10 Xls 4x2 S/aa,1
1.6 My10 Xls Plus 4x2,32
1.6 My10 Xlt Plus 4x2,2
1.6 Noir 165 At6,20
1.6 Outsider,59
1.6 PH2 DYNAMIQUE MT 4x2,3
1.6 PH2 EXPRESSION MT 4x2,1
1.6 PH2 PRIVILEGE MT 4x2,2
1.6 Ph2 4x2 Dakar 110cv,5
1.6 Ph2 4x2 Dynamique,60
1.6 Ph2 4x2 Dynamique 110cv,97
1.6 Ph2 4x2 Expression,31
1.6 Ph2 4x2 Expression 110cv,41
1.6 Ph2 4x2 Privilege,52
1.6 Ph2 4x2 Privilege 110cv,136
1.6 Ph2 4x4 Dakar 110cv,4
1.6 Pop 132cv 6at,2
1.6 Pop 4at,3
1.6 Pop 5mt,1
1.6 Privilege Mt,1
1.6 Puretech 165 At Be Chic,1
1.6 Rock 132cv 6at,2
1.6 Rock 4at,1
1.6 Rock 5mt,1
1.6 S,3
1.6 S 110cv 4x2,95
1.6 SAFETY PLUS AT,1
1.6 SE L13,4
1.6 SE MT 4X2,2
1.6 SE MT 4x2,1
1.6 SEL,1
1.6 SENSE L18,2
1.6 SENSE L21,2
1.6 Sce 114 Emotion 2wd,22
1.6 Se 110cv 4x2,235
1.6 Se Plus 6mt Fwd T 150 Cv,2
1.6 Sel 6at Awd T 180cv,6
1.6 Sel 6mt Fwd T 150 Cv,6
1.6 Sense,1
1.6 Sense Mt,4
1.6 Shine 115cv,1
1.6 Special Edition Cvt 120cv,1
1.6 Style At,1
1.6 Style Pack,1
1.6 T luxury Cvt 7 Plazas,1
1.6 TECH ROAD MT 4x2,1
1.6 TENDANCE PK SECURE,1
1.6 TGDI tct 4x4,1
1.6 THP 165 SHINE AT,1
1.6 THP 165 SHINE BI TONO AT,2
1.6 THP CROSSBACK PTECH B CHIC,1
1.6 THP FEEL PACK AT6,2
1.6 THP FEEL PACK AT6 L20,1
1.6 THP SHINE AT,2
1.6 THP SHINE AT6 BT L18,1
1.6 THP SPORT L16,1
1.6 THP SPORT L19,1
1.6 THP SPORT MT,2
1.6 THP SPORT TIPTRONIC,1
1.6 TITANIUM MT 4X2,1
1.6 TRACK L17,2
1.6 TRENDLINE L15,3
1.6 TRENDLINE L19,3
1.6 Tgdi Tct,3
1.6 Tgdi Tct Safety,8
1.6 Tgdi Tct Ultimate,3
1.6 Thp 165 At6 Shine,122
1.6 Thp Eat6 Feel Pack,98
1.6 Thp In Concert,2
1.6 Thp Sport,116
1.6 Thp Sport Tip,30
1.6 Thp Sport am20,7
1.6 Titanium 110cv 4x2,148
1.6 Titanium At Awd T 180cv,20
1.6 Trendlinde Mt,85
1.6 Trendlinde Mt Puertas: 5,1
1.6 Trendline Mt,1
1.6 UEFA CHAMPIONS LEAGUE EL L19,2
1.6 UEFE CHAMPIONS LEAGUE EL AT,1
1.6 VTI 115 FEEL MT,3
1.6 VTI 115 FEEL PK MT,1
1.6 VTI 115 FEEL+ AT,1
1.6 VTI FEEL L18,1
1.6 VTI FEEL PACK,1
1.6 VTI FEEL PACK PLUS BT,1
1.6 VTI RIP CURL AT,1
1.6 Vti 115 At6 Feel Pk,148
1.6 Vti 115 At6 Shine,40
1.6 Vti 115 At6 Shine Bi Tono,48
1.6 Vti 115 At6 X-series,3
1.6 Vti 115 Feel,62
1.6 Vti 115 Feel Pk,78
1.6 Vti 115 Live,5
1.6 Vti 115 Origins,4
1.6 Vti 115 X-series,2
1.6 Vti Live,1
1.6 X-PLAY NFT CVT,1
1.6 Xl Plus,15
1.6 Xl Plus Gnc,4
1.6 Xl Plus Mp3 4x2,33
1.6 Xls,60
1.6 Xls Gnc,9
1.6 Xls Mp3 4x2,43
1.6 Xls Seguridad,1
1.6 Xlt,2
1.6 Xlt He,1
1.6 l 4x2 xls,1
1.6L 4x2 XLS MP3,1
1.8,1
1.8 16v,9
1.8 4X2 FWD LTZ L,1
1.8 4X2 LONGITUDE AT L18,5
1.8 4X2 LTZ L13,2
1.8 4X2 LTZ PREMIER L17,3
1.8 4X2 SPORT,3
1.8 4X2 SPORT AT L18,1
1.8 4X2 SPORT AT6,3
1.8 4X2 SPORT AT6 L23,1
1.8 4X2 SPORT L16,12
1.8 4X2 SPORT PLUS L16,1
1.8 4X4 LTZ + AWD PREMIER,2
1.8 4X4 LTZ AT AWD,1
1.8 4X4 LTZ AT L13,1
1.8 4X4 LTZ PLUS AT L13,1
1.8 4X4 LTZ PLUS PREMIER AT L17,1
1.8 ACTIV 7AS AT,1
1.8 AT6,1
1.8 Activ LTZ AT 5AS,1
1.8 At6 Sport Plus 16v 130cv 2019 - Anticip,1
1.8 EX CVT,1
1.8 EX CVT L21,1
1.8 EXL CVT L15,1
1.8 EXL CVT L19,1
1.8 Ecoboost Sel At,16
1.8 Ecoboost Titanium At,44
1.8 Ecobost Sel At,4
1.8 Ecobost Titanium At,20
1.8 Ex 2wd Cvt,158
1.8 Ex 2wd Cvt l20,8
1.8 Ex-l 2wd Cvt,148
1.8 Ex-l 2wd Cvt l20,13
1.8 Fwd Premier,2
1.8 Gs,1
1.8 LONGITUDE AT 4x2,3
1.8 LTZ + AWD 4x4 Premier AT,1
1.8 LTZ 4x4,1
1.8 LTZ AWD,1
1.8 LTZ L/17 MT 4x2,2
1.8 LTZ MT 4X2,1
1.8 LTZ MT 4x2,2
1.8 LTZ PLUS 4X4 AUT,1
1.8 LTZ PREMIER MT,1
1.8 LTZ+ 4X4 AUT,1
1.8 LTZ+ AT 4x4,1
1.8 LX CVT L15,1
1.8 Longitude At6,227
1.8 Lt 5as 105cv,1
1.8 Lt Fwd Mt 4x2,6
1.8 Ltz,109
1.8 Ltz 140cv,95
1.8 Ltz Awd 140cv,1
1.8 Ltz Awd At 140cv,44
1.8 Ltz Fwd At 140cv,1
1.8 Ltz Fwd Mt 140cv,170
1.8 Ltz Mt,1
1.8 Ltz+,34
1.8 Ltz+ 140cv,91
1.8 Ltz+ Awd At 140cv,127
1.8 Lx 2wd,5
1.8 Lx 2wd Cvt,101
1.8 Lx 2wd Cvt l20,5
1.8 PREMIER 4X2 MT,1
1.8 PREMIER LTZ,1
1.8 SEG HV E-CVT,1
1.8 SPORT AT 4x2,7
1.8 SPORT L/18 AT 4x2,1
1.8 SPORT L/18 MT 4x2,1
1.8 SPORT L/19 MT 4x2,1
1.8 SPORT MT 4x2,7
1.8 SPORT MT5,1
1.8 SPORT MT5 FWD,1
1.8 SPORT PLUS AT 4x2,2
1.8 Seg Ecvt,76
1.8 Sel At,13
1.8 Sport,396
1.8 Sport At,40
1.8 Sport At Plus,229
1.8 Sport At6,102
1.8 Sport M/T5,1
1.8 Sport MT,6
1.8 Sport Manual,1
1.8 Sport Plus,85
1.8 Sport Wild,4
1.8 Titanium At,8
1.8 XEI ecvt hibrid,1
1.8 XEI hibrido,1
1.8 XEI hybrid híbri,1
1.8 Xei,1
1.8 Xei Ecvt,79
1.8 Xei Ecvt Hibrida,1
1.8 Xei Hv E-Cvt,3
1.8 ltz premier,1
1.8 oremier ltz,1
1.8 sport MT,1
1.8 sport automatica,1
1.8 vtv,1
1.8I S-Drive AT,1
1.8L AUTOMATICA SEL,1
1.8L Ecoboost 185cv,1
1.8L SPORT,1
1.8T ECOBOOST TITANIUM,1
1.8T SEL CVT,3
1.8T Titanium,31
1.9 4x4 SUV,1
1.9 Jx D,1
1.O TURBO 270 ABARTH,1
170 TSI,5
170 TSI MT,3
170 TSI manual,1
170 Tsi,1
170 Tsi Mt,1
170TSI,1
170TSI MT,1
170Tsi MT,1
170tsi Manual Vw 0km 2024,1
170tsi Trendline,1
18I SDRIVE,1
18i,2
18i sdrive,1
2 WD 2.0,1
"2,0 2WD",1
"2,0 EXCLUSIVE CRDI 4X4 AT",1
"2,4 Lx 2wd A/t 2012",1
2.0,7
2.0 16V DAKAR 6MT,1
2.0 16v,33
2.0 2 Awd X 5mt,3
2.0 2 Awd Xs At,3
2.0 200cv,1
2.0 200cv Distinctive Q4,7
2.0 252cv,11
2.0 265HP,1
2.0 280cv,3
2.0 280cv At Q4 Super,2
2.0 280cv At Q4 Veloce,12
2.0 30i,2
2.0 4 Hse At,3
2.0 4 Se,1
2.0 40 Tfsi Stronic Sport Quattro,18
2.0 40Tfsi Quattro Advance 180Cv,3
2.0 40Tfsi Quattro S Line 190Cv,1
2.0 40tfsi Quattro 220cv,7
2.0 40tfsi Quattro Sportback 220cv,8
2.0 45 Tfsi Offroad 252cv,22
2.0 45 Tfsi Security 252cv,1
2.0 45 Tfsi Sport 252cv,34
2.0 45Tfsi Quattro S Tronic Advanced 245Cv,6
2.0 45Tfsi Quattro S Tronic Advanced 265Cv,20
2.0 45Tfsi Quattro S Tronic S-Line 245Cv,6
2.0 4WD CRDI AT FULL PREMIUM,1
2.0 4Wd Wildtrak At8,48
2.0 4X2 AT,1
2.0 4X2 DAKAR L17,1
2.0 4X2 EX AT L18,1
2.0 4X2 GL AT,1
2.0 4X2 PRIVILEGE L15,3
2.0 4X2 STYLE AT L18,1
2.0 4X4 LUXURY L13,1
2.0 4X4 PRIVILEGE L15,3
2.0 4x2,1
2.0 4x2 AT,1
2.0 4x2 Cvt,18
2.0 4x2 Los Pumas 138cv Nav,2
2.0 4x2 Luxe 138cv,25
2.0 4x2 Luxe Nav 138cv,69
2.0 4x2 Privilege 138cv,30
2.0 4x2 Tx Cvt,8
2.0 4x2 Vx Cvt,7
2.0 4x4,2
2.0 4x4 Crdi,5
2.0 4x4 Crdi At,6
2.0 4x4 I,8
2.0 4x4 I At,5
2.0 4x4 I Scout,10
2.0 4x4 Los Pumas 138cv Nav,2
2.0 4x4 Luxe 138cv,18
2.0 4x4 Luxe Nav 138cv,44
2.0 4x4 Si,16
2.0 4x4 Si At,7
2.0 4x4 Tech Road 138cv,17
2.0 5 Comfort,1
2.0 5mt Sawd Limited,1
2.0 A,4
2.0 ALLURE 4x4 MT,1
2.0 Allure 4x4 150cv Cvt,12
2.0 Allure 4x4 150cv Mt5,3
2.0 At,1
2.0 Awd 203cv,3
2.0 Awd Cvt Dynamic,4
2.0 Awd Cvt Dynamic Eyesight,1
2.0 Awd Cvt Si Driver Xt 8at,1
2.0 Awd Cvt Xt,1
2.0 Awd X 6mt,1
2.0 C/techo,20
2.0 CDRI 4WD DE 180CV,1
2.0 COMFORTLINE TSI 4MOTION DSG,1
2.0 CRDI 4WD FULL PREMIUM,1
2.0 CRDI 4X4 PREMIUM,1
2.0 CROSS GR-SPORT CVT,1
2.0 Comfort,3
2.0 Comfort Cvt,6
2.0 Confort 4x2 127cv,45
2.0 Confort 4x2 GNC,1
2.0 Coupe 240cv,4
2.0 Crdi 2wd 4at,7
2.0 Crdi 4wd,1
2.0 Crdi 4wd 4at,7
2.0 Crdi 4wd 4at 6abg,1
2.0 Crdi 4wd Mt,14
2.0 Crdi 4wd Mt 6abg,2
2.0 Crdi Ex,14
2.0 Crdi Ex 4x2 Automática,1
2.0 Crdi Ex At 4x2,3
2.0 Crdi Ex At 4x4 Esp,4
2.0 Crdi Ex Gt-line At 4x4,15
2.0 Crdi Ex Mt 4x4 Esp,2
2.0 Cvt,1
2.0 DOHC,2
2.0 DOHC MT,1
2.0 Dynamic 240cv,2
2.0 Dynamic Plus 240cv,2
2.0 Dynamique,44
2.0 Dynamique 4x4,2
2.0 EX AT 4x2,1
2.0 EX AWD,1
2.0 Ecoboost 4Wd Wildtrak At8,21
2.0 Elegance I 140cv Tiptronic,3
2.0 Elegance Tsi 200cv,1
2.0 Elegance Tsi 200cv Tiptronic,4
2.0 Ex,8
2.0 Ex 154cv,26
2.0 Ex 154cv 4x2,2
2.0 Ex 2wd 163cv At,31
2.0 Ex 2wd 163cv Mt,1
2.0 Ex 4wd 163cv 6at,2
2.0 Ex 4wd 163cv At,8
2.0 Ex 4x2,5
2.0 Ex At 154cv 4x2,20
2.0 Ex At 154cv 4x4,8
2.0 Ex At 4wd,1
2.0 Ex L At 4wd,4
2.0 Ex Mt 4x2 Esp,3
2.0 Ex Mt 4x4 Esp,4
2.0 Ex Premium At 154cv 4x2,6
2.0 Exclusive I 140cv Tiptronic,1
2.0 Exclusive Tsi 200cv,10
2.0 Exclusive Tsi 200cv Tiptronic,15
2.0 F2 Confort 4x2 138cv,47
2.0 F2 Luxury 4x2 At 138cv,8
2.0 F2 Luxury 4x4 138cv,8
2.0 Feline 4x4 150cv Cvt,10
2.0 Feline Hdi 163cv,2
2.0 Freestyle 143 4x4,23
2.0 Freestyle 4x4,1
2.0 GDI TITANIUM AT 4x2,1
2.0 GLC 300 4 Matic,1
2.0 Gdi 170cv 4x4 At,2
2.0 Gdi Freestyle 170cv 4x4,9
2.0 Gdi Se 170cv 4x2,5
2.0 Gdi Titanium 170cv 4x2,20
2.0 Gl 154cv 6at 2wd,10
2.0 Gl 154cv 6mt 2wd,4
2.0 Gl 5mt 2wd,43
2.0 Gl 6at 2wd,43
2.0 Gla250 Progressive 224cv,3
2.0 Gla45 Amg 381cv,3
2.0 Glb200 Advance 163cv,10
2.0 Glb250 Progressive 224cv,13
2.0 Glc250 300 4matic Atomático,109
2.0 Glc300,1
2.0 Glc300 4matic Coupe At,1
2.0 Gls 154cv 6at 4wd,1
2.0 Gls 154cv 6mt 4wd,1
2.0 Gls 5mt 4wd,5
2.0 Gls 6at 4wd,9
2.0 Gls Premium 6at 4wd,10
2.0 Grs Cvt 170cv,32
2.0 Gs,5
2.0 Gt-line Hdi Pack Tiptronic,6
2.0 Gt-line Hdi Tiptronic,53
2.0 HDI BASTILLE+,1
2.0 HDI GT Pack Tiptronic,1
2.0 HIGHLINE TDI DSG 4MOTION AT,1
2.0 Highline Tdi 4Motion Dsg,11
2.0 Hse 240cv,8
2.0 Hse Dynamic 240cv,2
2.0 Hse Dynamique Coupe 240cv,1
2.0 Hse Plus 240cv,6
2.0 I,3
2.0 I 170cv Quattro,1
2.0 I 170cv Stronic Quattro,4
2.0 I 177cv Stronic Quattro,5
2.0 I Exclusive Tiptronic,3
2.0 I Mt,3
2.0 I Sport Style Tiptronic,6
2.0 Intens,86
2.0 Intens Automática,3
2.0 Intens Manual,97
2.0 Intens Mt,5
2.0 Jiii,16
2.0 Jlx D Aa,1
2.0 Luxury,8
2.0 Luxury 4x4 127cv,7
2.0 Luxury At,20
2.0 Lx Mt 2wd,1
2.0 M35i Mpa,3
2.0 Mt,8
2.0 My10 Xls 4x2,21
2.0 My10 Xlt Plus 4wd 4x4,3
2.0 My10 Xlt Plus 4x2,18
2.0 My10 Xlt Plus At 4x2,6
2.0 N 2wd Mt,13
2.0 N 4wd Mt Cvvt,7
2.0 N 4x4 at o pmto.,1
2.0 Nafta,1
2.0 Outsider Plus,93
2.0 PH2 PRIVILEGE MT 4x2,2
2.0 PREMIUM TSI TIPTRONIC 4x4,1
2.0 PRIVILEGE 4X2,1
2.0 PRIVILEGE MT 4x2,1
2.0 Ph2 4x2 Privilege,29
2.0 Ph2 4x2 Privilege 143cv,75
2.0 Ph2 4x4 Privilege,30
2.0 Ph2 4x4 Privilege 143cv,53
2.0 Premium,17
2.0 Premium I 140cv Tiptronic,2
2.0 Premium Tsi 200cv,12
2.0 Premium Tsi 200cv Tiptronic,19
2.0 Prestige,1
2.0 Prestige 240cv,3
2.0 Prestige Plus 240cv,7
2.0 Privilege,42
2.0 Pure Plus 240cv,6
2.0 Pure Se 240cv,3
2.0 QUATTRO TFSI S-TRONIC,1
2.0 Quattro I 177cv Stronic,5
2.0 Quattro Tfsi 170cv,16
2.0 Quattro Tfsi 170cv Stronic,8
2.0 Quattro Tfsi 211cv Stronic,31
2.0 S Plus 240cv Awd At6,3
2.0 SDRIVE ACTIVE,1
2.0 SE AT L18,1
2.0 SEG GRS CVT,1
2.0 SEL 4x4 AT,1
2.0 SEL 4x4 automati,1
2.0 SEL AT AWD,1
2.0 Sdrive 18i Active,10
2.0 Sdrive 18i Active 150 Cv,15
2.0 Sdrive 20d Active 177cv,5
2.0 Sdrive 20d Active 177cv Manual,4
2.0 Sdrive 20i Active 184cv,10
2.0 Sdrive 20i Msport X,8
2.0 Sdrive 20i Sportline,9
2.0 Sdrive 20i Sportline 192cv,38
2.0 Sdrive 25i Xline 231cv,52
2.0 Sdrive20I Gp,1
2.0 Sdrive20i Msportx,20
2.0 Se 143cv 4x2,40
2.0 Se Mhev Hibrid,1
2.0 Se R-dynamic Mhev Hibrid,1
2.0 Seg Cvt,126
2.0 Sel,17
2.0 Sel At,11
2.0 Sport & Style I 140cv Tiptronic,6
2.0 Sport & Style Tsi 200cv,15
2.0 Sport & Style Tsi 200cv Tiptronic,15
2.0 Sport 2wd Gls 150cv Mt,2
2.0 Sport 4wd Gls 150cv At,3
2.0 Sport 4x2 156cv Mtx,13
2.0 Sport Hse 240cv,3
2.0 Sport Se 240cv,4
2.0 Storm AWD AT,1
2.0 T,1
2.0 T 170HP QUATTRO L12,1
2.0 T 350 TSI 4MOTION ALLSPACE LIFE DSG,1
2.0 T ALLSPACE COMFORTLINE AT L17,1
2.0 T5 Awd Comfort 240cv,2
2.0 T5 Awd High Plus 240cv,2
2.0 T5 High 240cv At,2
2.0 T5 High Plus 240cv At,5
2.0 T5 Inscription,3
2.0 TD 4X4 LIMITED AT9,2
2.0 TD 4X4 LIMITED AT9 L22,1
2.0 TD AT9 4X4 LIMITED BLINDADO RB3,1
2.0 TD MAZDA,1
2.0 TD TRAILHAWK AT9 L21,1
2.0 TDI 4 imotion exclusive Dsg,1
2.0 TDI HIGHLINE DSG,1
2.0 TENDENCE 2WD MT,1
2.0 TFSI 45 252CV,1
2.0 TITANIUM AT 4x4,2
2.0 TITANIUM AT L13,1
2.0 TITANIUM MT 4x2,1
2.0 TSI 4 MOTION,2
2.0 TSI 4MOTION,2
2.0 Td At9 4x4 Limited Plus,26
2.0 Td At9 4x4 Trailhawk,19
2.0 Td380 At9 4x4 7pas Limited,58
2.0 Td380 At9 4x4 7pas Overland,10
2.0 Tdi 4 Motion,1
2.0 Tdi 4x4,1
2.0 Tendance 4wd 150cv At6,7
2.0 Tendence 2wd 150cv At,2
2.0 Tendence 2wd 150cv Mt,2
2.0 Tfsi 180cv Quattro,5
2.0 Tfsi 211cv Quattro,41
2.0 Tfsi 211cv Quattro Luxury,1
2.0 Tfsi 211cv Stronic Quattro,47
2.0 Tfsi 225cv Quattro,6
2.0 Tfsi 225cv Tiptronic Quattro,25
2.0 Tfsi 252cv,5
2.0 Tfsi Quattro,2
2.0 Tfsi S Tronic Quattro 252cv - Anticipo -,1
2.0 Tfsi Sport 220cv,2
2.0 Tfsi Stronic 252cv,32
2.0 Tfsi Stronic Quattro 220cv,44
2.0 Tfsi Stronic Quattro Security 252cv,22
2.0 Tfsi Stronic Sport Quattro,1
2.0 Tfsi Tiptronic Quattro 225cv,23
2.0 Tfsi Tiptronic Quattro 250cv,5
2.0 Titanium,16
2.0 Titanium 143cv 4x2,79
2.0 Titanium At,2
2.0 Titanium At Awd,69
2.0 Titanium Powershift 143cv 4x2,7
2.0 Titanium Powershift 4x2 Dps6,61
2.0 Tsi Comfortline Dsg,36
2.0 Tsi Exclusive Mt,5
2.0 Tsi Exclusive Tiptronic,7
2.0 Tsi Highline Dsg,38
2.0 Tsi Life 4Motion Dsg,67
2.0 Tsi Premium Tiptronic,1
2.0 Tsi Sport Plus Mt,1
2.0 Tsi Sport Plus Tiptronic,1
2.0 Tsi Sport Style Mt,6
2.0 Tsi Sport Style Tiptronic,4
2.0 Tx,3
2.0 Vcdi Lt Mt,20
2.0 Vcdi Ltz At,23
2.0 Vvt-i Cvt,5
2.0 Vx,19
2.0 X,1
2.0 X 4at Sawd,1
2.0 X 5mt Sawd,4
2.0 XDrive 231cv AT 4WD,1
2.0 XLI AT,1
2.0 XLT 4wd,1
2.0 Xdrive 20I Xline 184Cv,1
2.0 Xdrive 20d Active 177cv,1
2.0 Xdrive 20d Active 184cv,1
2.0 Xdrive 20d Executive 177cv,11
2.0 Xdrive 20d Executive 184cv,9
2.0 Xdrive 20i 184cv,2
2.0 Xdrive 20i Executive 184cv,22
2.0 Xdrive 25i Xline 231cv,3
2.0 Xdrive 28i Xline 245cv,51
2.0 Xdrive 30E Xline,1
2.0 Xdrive 30i Executive,1
2.0 Xdrive 30i Xline,6
2.0 Xdrive pack M,1
2.0 Xedi,5
2.0 Xei Cvt,82
2.0 Xli Cvt,83
2.0 Xls 4x2,20
2.0 Xlt,14
2.0 Xlt 4x4,4
2.0 Xlt 4x4 Plus,2
2.0 Xlt Plus 4wd 4x4,2
2.0 Xlt Plus 4x2,9
2.0 Xlt Plus At 4x2,2
2.0 Xs 4at Sawd,1
2.0 ZEN L18,1
2.0 Zen,104
2.0 Zen Mt,1
2.0 outsider 4x4,1
2.0 titanuim,1
2.0L XLT PLUS 4WD,1
2.0Nafta 4x4 MT,1
2.0Sport Style Dsg,1
2.0T 4Wd,1
2.0T 4Wd 3Ra Generacion,1
2.0T LUXURY FSI QUATTRO,1
2.0T QUATTRO S-TRONIC,1
2.0d Prestige,1
2.0t Coupe Dignity At 2wd,8
2.0t Intelligent At,2
2.0t T4 Inscription Awd,3
2.0t T4 Momentum Fwd,3
2.0t T5 Momentum Awd,1
2.0t T5 R-design Awd,4
2.1,1
2.2 2 Hse 4 At,2
2.2 2 S 4 At Plus,2
2.2 2 Se 4 At,1
2.2 2 Se 4 Mt,1
2.2 4WD CRDI EX AT L16,1
2.2 4x4,1
2.2 4x4 D,3
2.2 CRDI 4X2 MT,1
2.2 CRDI AT,1
2.2 CRDI EX 4x4 AT,1
2.2 Crdi 4×2 Mt,1
2.2 Crdi 5 As.pre At,2
2.2 Crdi 7 Pa.pre,1
2.2 Crdi Chapelco 7as,1
2.2 Crdi Ex,20
2.2 Crdi Ex 4x2 Mt,1
2.2 Crdi Ex 4x4,7
2.2 Crdi Ex At 4x2,8
2.2 Crdi Gt-line Ex 4x4,8
2.2 Crdi Premium 7as,5
2.2 Crdi Premium 7as 6at 4wd,15
2.2 Crdi Premium 7as Gps,11
2.2 DIESEL MT6,1
2.2 DIESEL T30,1
2.2 Ex,11
2.2 Ex 4x4 6at,1
2.2 Ex Premium 4x4 6at,9
2.2 Gls 7as Crdi 6mt 4wd,1
2.2 Gls Crdi 5at 7p Premium,12
2.2 Gls Crdi 5at Premium,10
2.2 Gls Crdi 5mt 7p,1
2.2 Gls Crdi 5mt Premium,3
2.2 Gls Premium 5as Crdi 6at 4wd,7
2.2 Gls Premium 7as Crdi 6at 4wd,10
2.2 Gls Premium 7as Crdi 6mt 4wd,4
2.2 Lt Awd D 184cv Mt,7
2.2 Ltz 184cv,8
2.2 Ltz 184cv 7as Mt,1
2.2 Ltz Awd D 184cv At,18
2.2 Prestige 190cv,4
2.2 TDI 4X4 MT6,1
2.2 Xs 4x4,2
2.2 ltz 200 cv,1
2.3 601 D,5
2.3 Equipamiento 2 150cv 4x2,3
2.4,2
2.4 4X2 LX CVT L17,1
2.4 4X2 SPORT L17,5
2.4 4X4 LONGITUDE AT,1
2.4 4X4 LONGITUDE AT L16,1
2.4 4x2,1
2.4 4x2 Active At,4
2.4 4x2 Active At Lx,11
2.4 4x2 At,43
2.4 4x2 Lx At,9
2.4 4x4,4
2.4 4x4 At,36
2.4 4x4 Ex,8
2.4 4x4 Ex At,15
2.4 4x4 Ex-l At,12
2.4 4x4 Lx,5
2.4 AT lx,1
2.4 At,1
2.4 C Sw 110 7-seat,1
2.4 Ex,4
2.4 Ex 4wd 185cv At,7
2.4 Ex 4x2 6at,34
2.4 Ex 4x4 6at,9
2.4 Ex At 4wd (mexico),28
2.4 Ex At 4wd(Japón),1
2.4 Ex At 4x2,5
2.4 Ex L 4wd 185cv At,21
2.4 Ex L At 4wd,43
2.4 Ex Mt 4wd,6
2.4 Ex Premium 4x4 6at,13
2.4 Ex-l 4wd 175cv Cvt,6
2.4 GLS AUT 4x4,1
2.4 Gl At,5
2.4 Gls 169cv,1
2.4 Gls 170cv At C/t,6
2.4 Gls 7as 6mt 2wd,15
2.4 Gls 7as 6mt 4wd,1
2.4 Gls At,4
2.4 Gls At Ab Lat Cu Cortina,1
2.4 Gls At Tc+cu,5
2.4 Gls Premium 5as 6at 4wd,4
2.4 Gls Premium 7as 6at 4wd,8
2.4 Gt At,3
2.4 Jiii,11
2.4 Jlx 2wd 5mt,1
2.4 Jlx-l 4wd 4at,2
2.4 Jlx-l 4wd 5mt,2
2.4 Jx 4dw 5mt,1
2.4 L SPORT AT 4X4,1
2.4 LIMITED AT9 L17,2
2.4 LIMITED AT9 PLUS L17,1
2.4 LIMITED PLUS AT 4x4,1
2.4 LONGITUDE AT 4x4,1
2.4 LONGITUDE AT6 4X2 L18,3
2.4 LONGITUDE AT9 OE L17,2
2.4 LONGITUDE AT9 PLUS 4X4,1
2.4 LONGITUDE PLUS AT 4x4,2
2.4 LONGITUDE PLUS AT9,1
2.4 LONGITUDE PLUS AT9 L17,2
2.4 LS 167CV MT 4x2,1
2.4 LS MT 4x2,1
2.4 LX 4X2 AT,1
2.4 Limited,27
2.4 Limited 170cv Atx,67
2.4 Limited At,2
2.4 Limited Cvt,3
2.4 Limited Mtx,3
2.4 Limited Plus,54
2.4 Longitude,80
2.4 Longitude At,27
2.4 Longitude Plus,89
2.4 Longitude Plus 4X4,18
2.4 Ls,1
2.4 Ls - 167 cv,1
2.4 Ls 167cv,29
2.4 Ls Mt Fwd 167cv,27
2.4 Lt 167cv,18
2.4 Lt Mt,4
2.4 Lt Mt Awd 167cv,40
2.4 Lx 2wd 175cv Cvt,41
2.4 Lx 2wd 185cv At,91
2.4 Lx At,1
2.4 Lx At 2wd (mexico),110
2.4 Lx At 4wd,28
2.4 Lx Mt 4wd,5
2.4 Mtx,1
2.4 Opening Edition,2
2.4 Premium 5as 6at 4wd,5
2.4 Premium 7as 6at 4wd,13
2.4 SE 170cv 2 filas,1
2.4 SPORT AT 4x2,1
2.4 SPORT AT6,1
2.4 SPORT MT 4x2,2
2.4 SPORT MT6,1
2.4 SXT DVD techo,1
2.4 Se 170cv Atx,29
2.4 Seguridad 7as 6at 2wd,14
2.4 Seguridad 7as 6mt 2wd,1
2.4 Sport,89
2.4 Sport 170cv Atx,11
2.4 Sport 4x4 170cv Atx,26
2.4 Sport 4x4 170cv Mtx,15
2.4 Sport At,1
2.4 Sport At 4X2,2
2.4 Sport Automática,18
2.4 Sport Automática 1630 mm,5
2.4 Sport Automática 1635 mm,2
2.4 Sport Cvt,4
2.4 Sport Manual,16
2.4 Sport Mtx,14
2.4 Sw 110 5 Alloy,1
2.4 Sw 110 7s M,1
2.4 Sw 110 7s Plus,1
2.4 Sxt,5
2.4 Sxt (3 Filas) 170cv Atx,22
"2.4 Sxt 170cv (techo, Dvd, Nav)",51
"2.4 Sxt 170cv Atx4 (techo, Dvd)",8
"2.4 Sxt 170cv Atx6 (techo, Dvd)",11
2.4 Sxt Atx (2 Filas),5
2.4 Sxt Atx (3 Filas),14
2.4 Sxt Atx (3 Filas)+dvd+techo,20
2.4 Sxt Atx Techo 2filas,4
2.4 Sxt Atx Techo 3filas,38
2.4 Trailhawk At9 4x4,56
2.4 lx at ( japon),1
2.5 110 5 Sw,2
2.5 110 5 Sw Aa,1
2.5 110 Sw,3
2.5 110 Sw Aa,4
2.5 110 Sw County,1
2.5 2.5si Selective,1
2.5 2.5si Selective Stept,1
2.5 2wd Cvt,2
2.5 3s 4at Sawd 173cv Sportshift,1
2.5 4X4 EXCLUSIVE CVT L18,1
2.5 4X4 EXCLUSIVE CVT L21,1
2.5 4X4 EXCLUSIVE CVT L23,1
2.5 4X4 INTENS CVT,3
2.5 4X4 INTENS CVT L18,3
2.5 4wd Cvt,44
2.5 4x4,8
2.5 4x4 6at,4
2.5 4x4 At,6
2.5 4x4 VX AT,1
2.5 4x4 Vx 6at,15
2.5 4x4 Xl Ll,2
2.5 Acenta 6mt,11
2.5 Acenta Cvt Xtronic,5
2.5 At,2
2.5 Awd 6mt Xs 173cv,1
2.5 Awd Cvt Limited 173cv,7
2.5 Awd Cvt Limited Sport,12
2.5 Awd Cvt Limited Sport l23,2
2.5 Awd Cvt Si Driver Diynamic,2
2.5 Awd Cvt Si Driver Limited Sport,3
2.5 Awd Cvt Si Driver Xs,1
2.5 Awd Cvt Xs 173cv,2
2.5 Classic,11
2.5 Crdi Ex 4x4 170cv Tgv Esp,9
2.5 Crdi Ex 4x4 At 140cv,9
2.5 Dynamique 4x4 Cvt,1
2.5 Dynamique 4x4 Mt,18
2.5 Dynamique 4x4 Mt Sin Climatizador,1
2.5 EXCLUSIVE CVT,1
2.5 Ex 4x4 At,1
2.5 Ex Crdi 140 Hp At,3
2.5 Ex Crdi 140 Hp At Exe,2
2.5 Ex Crdi 170 Hp At,1
2.5 Exclusive,1
2.5 Exclusive Cvt Xtronic,53
2.5 Expression 4x2 Mt,21
2.5 Glk280 V6 Nature,1
2.5 Glk280 V6 Sport,1
2.5 Glk300 V6 City 4matic,8
2.5 Glk300 V6 Nature 4matic,1
2.5 Glk300 V6 Sport 4matic,3
2.5 Glx,7
2.5 Glx I 4x4,2
2.5 HYBRID LIMITED AT 4x2,1
2.5 Híbrido Titanium,1
2.5 I,2
2.5 I 4x4 Exd,6
2.5 Laredo,1
2.5 Le 4x4 5at,2
2.5 Limited,7
2.5 Mt,1
2.5 Ph3 Dynamique Plus 4 6mt,1
2.5 Ph3 Dynamique Plus 4 Cvt,1
2.5 Ph3 Privilege 4x4 Cv,1
2.5 Ph3 Privilege 4x4 Cvt,4
2.5 Platinum Hibrida,11
2.5 Privilege 4x4 Cvt,15
2.5 Privilege 4x4 Mt,14
2.5 R5 I Premium,1
2.5 SE Hybrid FWD,1
2.5 Se,2
2.5 Si Selective,4
2.5 Si Xdrive Limited Edition,6
2.5 Sport,3
2.5 T5 Inscription,1
2.5 T5 Momentum,5
2.5 Tekna Cvt Xtronic,15
2.5 Titanium At 4x4 (ku03),12
2.5 Titanium At 4x4 L (ku02),5
2.5 Titanium At 4x4 L (ku05),47
2.5 Trend Mt 4x4 (ku01/ku04),48
2.5 Tx,5
2.5 Un 4at Sawd 165cv,3
2.5 VX AT 4x4,1
2.5 Visia 6mt,5
2.5 Visia Cvt Xtronic,4
2.5 Vx,44
2.5 X3 I Executive,3
2.5 Xdrive25i,1
2.5 Xt 4at Sawd Turbo Sportshift,1
2.5I AWD LIMITED CVT TECH L12,1
2.6 Gl Metal Top,2
2.6 Hard Top,1
2.6 Ls,1
2.7 3 V6 At,4
2.7 4 V6 Se,1
2.7 4x4 D,5
2.7 4x4 V6 At,2
2.7 Crd Laredo,1
2.7 Crd Limited Automática,2
2.7 I,5
2.7 I Luxury,1
2.7 Ml270 Cdi Luxury At,3
2.7 N V6 4wd At 6abg,2
2.7 NAFTA LIMITED 4X4,1
2.7 Rt,10
2.7 Rt Atx (3 Filas),3
2.7 Rt Atx (3 Filas)+dvd+techo,29
2.7 Rt Atx (3 Filas)+techo,6
2.7 Runner,1
2.7 Srv Cuero Vvti 4x2 4at 5 Asientos,4
2.7 Srv Cuero Vvti 4x2 4at 7 As - C4,11
2.7 Srv Cuero Vvti 4x2 4at 7 Asientos,13
2.7 V6 5 As. At,1
2.7 V6 5 As.pre,1
2.7 V6 5 Pas. At,1
2.7 V6 5 Pas. Pre,1
2.7 V6 5 Pas. Pre At,1
2.7 V6 7 Pas. Pre At,1
2.7 V6 Gls 4at 7p Premium,6
2.7 V6 Gls 4at Premium,3
2.7 V6 Gls 5mt 7p,1
2.7 V6 Gls 5mt Premium,4
2.7 V6 HSE,1
2.7 V6 Sport Hse,1
2.7 Xl-7 V6,1
2.7 Xl-7 V6 170 hp,1
2.7 Xl-7 V6 183 hp,4
2.7TD V6 HSE,1
2.8 4X4 LTZ AT L16,1
2.8 4X4 PREMIER AT,1
2.8 4x4 Lt At Tdci 180cv,12
2.8 4x4 Ltz At Tdci 180cv,14
2.8 4x4 Premier AT,1
2.8 4x4 Premier At BL,1
2.8 CTDI 4X4 LTZ A/T,1
2.8 Cd Srx 177cv 4x4,1
2.8 Cdoble Dlx 4x2 Electronico,1
2.8 Cdoble Dlx 4x4 Electronico,1
2.8 Crdi,1
2.8 Dlx 4x2,7
2.8 Dlx 4x4,1
2.8 Dlx I 4x2,3
2.8 Dlx I 4x4,3
2.8 Dte Se 4x4,19
2.8 GR-SPORT 204CV 4X4 7AS AT,1
2.8 GR-SPORT 224CV 4X4 7AS AT,1
2.8 Gls I,7
2.8 Gls I At,1
2.8 Gls I Tc,4
2.8 Gls I Tc At,2
2.8 Glx D,2
2.8 L D,5
2.8 NUEVA LTZ TDCI,1
2.8 Nueva Ltz Tdci 200cv,122
2.8 SRX 4 x 4,1
2.8 SRX 7AS AT 4x4,3
2.8 Se 4x4,34
2.8 Sl D,2
2.8 Sport At,3
2.8 Sr 177cv 4x4,33
2.8 Srx 177cv 4x4 7as,49
2.8 Srx 177cv 4x4 7as 6at,35
2.8 Srx 177cv 4x4 7as At,412
2.8 Srx 204Cv 4X4 7As At,63
2.8 Srx 204cv 4x4 7a,1
2.8 TDI 4X4 PREMIER AT,1
2.8 TDI DIAMOND II 7As AT 4x4,1
2.8 Td Se 4X4,1
2.8 Tdi Diamante Ii 4x4 7as 6at,40
2.8 Tdi Gr-s 4x4 7as 6at,31
2.8 srv 4x4,1
2.8 srx 177cv 4x4 at,1
2.8 srx 204cv 4x4,1
2.8 srx 204cv 7as at,1
2.8 tdi srx 4x4 at 7,1
2.8D MWM 4x4,1
2.8srx204cv4x4 7a6at,1
2.9 602 D El,2
2.9 602 D El At,1
2.9 602 Dti,3
200 TSI COMFORTLINE AT L20,1
200 TSI HIGHLINE AT L20,3
200 Tsi Highline Tiptronic,4
200 tsi At Confortline,1
200tsi Automática Vw 0km 2024,2
2024,3
204 cv SRX 7 asiento,1
20i Sdrive Sport,1
20i Sport,1
20i Sportline,1
20i xdrive,1
250,1
250 4MATIC 7 PLAZAS,1
250 4matic,1
250 AMG AT,1
250 TSI COMFORTLINE TIPTRONIC,1
250 TSI HIGH BI TONO,1
250 TSi,1
250 Tsi Dsg,1
250H,1
250TSI DSG Comfortline,1
250h Luxury,11
25I XDRIVE 231CV,1
25i XDrive,1
25i Xdrive Xline,1
25i xLine xDrive,1
2WD 2.0,2
2WD 2.0 AT,2
2WD AT 2.0,1
2wd,1
2wd At,1
2wd Techo Panorámico,1
3 1.6 4X2 CONFORT L16,1
"3,1 nafta v6 4x4",1
3.0,9
3.0 440HP,1
3.0 440i Gran Coupe M Package 326cv,9
3.0 5 S,1
3.0 55 TFSI QUATTRO S LINE,1
3.0 55 Tfsi Quattro,24
3.0 Crd Laredo Automática,3
3.0 Crd Limited,5
3.0 Crd Limited Automática,8
3.0 D Executive,11
3.0 D Executive Stept,9
3.0 D Executive Stept.,1
3.0 Diesel 245cv (958),11
3.0 Glc43 Amg 4matic 367cv,16
3.0 Gle400 Sport 4matic 333cv,10
3.0 Gle400 Sport Coupe 4matic 333cv,32
3.0 Gle450 4matic 367cv,1
3.0 Glk300 4matic City 231cv At,21
3.0 Glk300 4matic Sport 231cv At,22
3.0 Gls 220cv At C/t,2
3.0 Gls Premium 7as Crdi V6 At,1
3.0 Gts 360cv,1
3.0 I,2
3.0 I 240cv Stronic Quattro,8
3.0 I Es,1
3.0 I Executive Stept,1
3.0 I Kuroi Wagon,2
3.0 I Ls At Wagon,1
3.0 I Ls Wagon,1
3.0 I Runner,11
3.0 I Runner Tc Cu,6
3.0 I Srv 4x4 (2009),10
3.0 I Srv At C/cuero 4x4 (2009),36
3.0 I Srv C/cuero 4x4 (2009),26
3.0 I Srv c/cuero,1
3.0 Iexecutive Stept,3
3.0 Laredo Atx,1
3.0 Laredo Crd Automática,1
3.0 Limited Atx,17
3.0 Limited Crd,2
3.0 Ls V6 4x4,4
3.0 Ls V6 4x4 At,1
3.0 Ml320 Cdi,2
3.0 Ml350 Cdi Sport Facelift,2
3.0 Ml400 4matic Sport 333cv Techo,3
3.0 Ml400 4matic Sport B.eff Techo,2
3.0 Prado,6
3.0 Prado At,11
3.0 Prado Mt,3
3.0 R 6at Si-driver Vdc 245cv,5
3.0 S 245cv Automática,1
3.0 S 340cv,8
3.0 S 340cv Automática,2
3.0 S Hybrid 380cv Tiptronic (958),2
3.0 SRV 4x4 Manual,1
3.0 SRV At/cuero 4x4,1
3.0 SRV manual/pana,1
3.0 Sc Prestige,2
3.0 Se,3
3.0 Si Executive,9
3.0 Si Executive Stept.,2
3.0 Srv,10
3.0 Srv 171cv 4x4,3
3.0 Srv 171cv 4x4 - C3,8
3.0 Srv At,1
3.0 Srv Cuero,12
3.0 Srv Cuero 171cv 4x4,2
3.0 Srv Cuero 171cv 4x4 - E4,1
3.0 Srv Cuero 171cv 4x4 5at,5
3.0 Srv Cuero 171cv 4x4 5at - A4,3
3.0 Srv Cuero At,29
3.0 Srv Cuero I 171cv 4x4,24
3.0 Srv Cuero I 171cv 4x4 - E4,1
3.0 Srv Cuero I 171cv 4x4 4at,38
3.0 Srv Cuero I 171cv 4x4 5at,39
3.0 Srv Cuero I 171cv 4x4 5at - A4,1
3.0 Srv I 171cv 4x4,8
3.0 T6 Awd High Luxury 304cv,1
3.0 T6 Awd High Plus 304cv,1
3.0 T6 High 304cv At Awd,2
3.0 T6 High Lux R-design 304cv At Awd,1
3.0 T6 High Luxury Awd,1
3.0 T6 High Plus 304cv At Awd,2
3.0 TD SRV,1
3.0 Tdi 233cv Tiptronic Quattro,3
3.0 Tdi 240cv Tiptronic Quattro,5
3.0 Tdi 249cv Tiptronic Quattro,12
3.0 Tdi Tipt. Quattro,1
3.0 Tdi Tipt. Quattro Luxury,2
3.0 Tfsi 272cv Tiptronic Quattro,6
3.0 Tfsi 333cv Tiptronic Quattro,40
3.0 Tfsi Stronic 354cv,19
3.0 Tfsi Tiptronic Quattro 272cv,8
3.0 Turbo,1
3.0 V6,1
3.0 V6 340hp,2
3.0 V6 353HP,2
3.0 V6 4X4 At,3
3.0 V6 Hse,1
3.0 V6 I Elegance 240cv,2
3.0 V6 I Premium 240cv,1
3.0 V6 I Style 204cv,1
3.0 V6 Turbo 340CV Tiptronic S,1
3.0 V6T FSI QUATTRO,1
3.0 Wide Body,3
3.0 X3 D Executive,1
3.0 X3 I Executive,3
3.0 X3 Xdrive,1
3.0 X3 Xdrive 35i Executive 306cv,18
3.0 X3 Xdrive 35i M Package 306cv,6
3.0 Xdrive 28i Executive 265cv,7
3.0 Xdrive 30d Executive 245cv,12
3.0 Xdrive 30d Sportive 245cv,2
3.0 Xdrive 35i 306cv M Package,13
3.0 Xdrive 35i 306cv Pure Excellence,18
3.0 Xdrive 35i Executive 306cv,20
3.0 Xdrive 35i Pure Extravagance,17
3.0 Xdrive 35i Sportive 306cv,53
3.0 Xdrive 40d M Package 313cv,12
3.0 srv  cuero 4x4,1
3.0 srv 4x4,1
3.0 srv cuero manual,1
3.1 Di Banzai Wagon,3
3.1 I Ls Wagon,2
3.1 I Scout Wagon,2
3.1 Laredo,4
3.1 Limited,3
3.2 2 S I6 At Plus,1
3.2 Di-d Gls At Abcp+cu,4
3.2 Di-d Gls Mt Abcp+cu,1
3.2 Fsi 270cv Stronic Quattro,8
3.2 Gls Di-d 190cv At C/t,3
3.2 Gls Di-d At,1
3.2 Gls Di-d Tc Cu,2
3.2 Gls Di-d Tc Cu At,5
3.2 Ls V6 4x4 Ct,2
3.2 Ls V6 4x4 Ct At,1
3.2 Ml320 At Luxury,1
3.2 Ml320 Cdi,1
3.2 Ml320 Cdi Sport,1
3.2 V6,2
3.2 V6 4x4 At,1
3.2 V6 Wagon,1
3.2 Xs V6 4x4,1
3.3 Se,6
3.3 Se Wide,2
3.3 Se Wide At,1
3.5 At 257cv,7
3.5 Ex 4x4 At,2
3.5 Ex At Executive,1
3.5 Exclusive,10
3.5 Exclusive 4x4 At,2
3.5 Glk300 4matic 247cv At,8
3.5 Glk300 4matic Sport 247cv At,16
3.5 Ml350 4matic Sport B.eff Techo,2
3.5 Ml350 4matic Sport B.efficiency,6
3.5 Ml350 4matic Sport Facelift,3
3.5 Ml350 4matic Sport W164,2
3.5 Ml350 Luxury At,2
3.5 Ml350 Sport,7
3.5 Semi High V6 At,2
3.5 V6 260cv 4wd Cvt,27
3.5 V6 EX 2WD,1
3.6 300cv (958),6
3.6 Hse V8,2
3.6 Limited 286hp Atx,58
3.6 Limited 286hp Techo + Llantas 18,39
3.6 Limited 293Cv At8 4X4,16
3.6 Overland 286hp At,61
3.6 Overland At,1
3.6 R Limited,4
3.6 R/t,1
3.6 R/t Atx Awd 280cv,3
3.6 R/t Awd 286cv,1
3.6 R/t Fwd 286cv,2
3.6 Rubicon 284hp Atx,19
3.6 Sport 284hp Mtx,22
3.6 Turbo 400cv,3
3.6 Unlimited 284hp Atx,9
3.6 Unlimited 284hp Mtx,13
3.6 V6,11
3.6 V6 (957),6
3.6 V6 300cv,3
3.6 V6 Fsi Elegance,2
3.6 V6 Premium,7
3.6 V6 Style,1
3.6 sxt atx techo 3f,1
3.7 Limited,2
3.7 Limited 205hp Atx,21
3.7 Limited Atx,10
3.7 Sport,2
3.7 Sport Atx,1
3.8 At,3
3.8 Ex 4x4 At Esp,4
3.8 Ex At,1
3.8 Gls Premium 7as L V6 At,3
3.8 Sport 199cv Mtx 2011,2
3.8 Sport At,1
3.8 Sport Atx Mountain,1
3.8 Sport Atx Unlimited,12
3.8 Sport Mtx,4
3.8 Sport Mtx Unlimited,10
3.8 Sport Unlimited 199cv Atx,6
3.8 Sport Unlimited 199cv Mtx,9
300 4MATIC AMG SPORT,1
300 4matic Todo Terr,1
300 F-sport,1
3008 Gt Pack Am23.5 Ultima Unidad (p),1
300h Luxury,6
30E,1
30e,2
30i XDRIVE PACK M,1
30i Xdrive,2
35 I,1
35 TFSI,1
35 tfsi Advanced,1
350 3.5 4matic Sport B.efficiency,1
350 4MATIC AT,1
350 AMG,1
350 CDI 4MATIC,1
350 Sport 4matic,1
350h Luxury,1
4.0 Classic,8
4.0 Classic At,4
4.0 Hard Top,1
4.0 Laredo,13
4.0 Laredo Automática,1
4.0 Limited,1
4.0 Prado Txl At,16
4.0 Prado Vx At,24
4.0 Prado Vx Mt,1
4.0 Se,2
4.0 Sport,21
4.0 V6,2
4.0 V8 At,1
4.0 V8 Es At,3
4.0 Xlt 4x2,5
4.0 Xlt 4x4 At,2
4.0 Xlt 4x4 Limited,6
4.0 Xlt 4x4 Sport,5
4.2 Dl,3
4.2 Dlx,1
4.2 Fsi 350cv Tiptronic Quattro,3
4.2 Tdi 326cv Tiptronic Quattro,1
4.2 Tdi 340cv Tiptronic Quattro,7
4.2 V8,2
4.2 V8 Fsi Premium,2
4.2 V8 Premium,4
4.3 4x2 160 Hp,1
4.3 4x4 160 Hp,1
4.3 4x4 200 Hp,1
4.3 4x4 200 Hp Tahoe Lt,3
4.3 Ml430 At Luxury,1
4.4 3 V8 Hse At,2
4.4 4.4i Premium Security,1
4.4 M 555cv,9
4.4 Sport Hse,2
4.4 Xdrive 50i 449cv M Package,2
4.4 Xdrive 50i 449cv Security,1
4.4 Xdrive 50i M Package 449cv,2
4.4 Xdrive 50i Premium 407cv,6
4.5 200 V8 D4-d 235cv At,4
4.5 200 Vx 265cv At W/floormat,5
4.5 Td 200 Vx 265cv At W/floormat,1
4.6 Vogue,1
4.7 Gl500 4matic Sport V8 Bit 435cv,2
4.7 Limited Atx,7
4.7 V8 Limited,4
4.7 V8 Limited Automática,1
4.7 V8 Limited Scv,1
4.7 V8 Scv Limited,2
4.7 V8 Scv Limited Automática,1
4.8 4.8i Premium Stept,3
4.8 4.8is Premium,1
4.8 4.8l Premium Stept,3
4.8 Is Premium,2
4.8 Is Premium Stept,1
4.8 S,1
4.8 S 400cv,1
4.8 S 400cv (958),7
4.8 Turbo 500cv (970),3
4.8 Turbo S 550cv,1
4.8 V8 Gts (957),1
4.8 V8 S (957),2
4.8 V8 Turbo (957),1
4.8 V8 Turbo S (957),1
40 Tfsi Quattro,1
40I X DRIVE,1
40M,1
40i,2
40i XDrive,1
40i Xdrive,2
40i xDrive,1
40tfsi Quattro,1
40tfsi quattro,1
45 TFSI ADVANCED S TRONIC QUATTRO 245cv,1
45 Tfsi,1
45 tfsi S-tronic quattro,1
45 tfsi advanced,1
450h F-sport,1
4X2 7AT,1
4X4 2.2 TDI MT6,1
4X4 DIAMOND II 2.8 TDI 6 AT,1
4X4 DIAMOND II 2.8 TDI 6 AT 7A,1
4X4 SRX 2.8 TDI 6 A/T 7A,1
4X4 SRX AT 7 Asiento,1
4wd,4
4x2,2
4x4,4
4x4 Diamond II 2.8 TDI 6 at 7as,1
4x4 New Sportage 1.6 T / At,1
4x4 Premier 2.8 AT Kb,1
4x4 SR 2.8 TDI 6A/T,1
4x4 SR 2.8 TDI 6A/T 5A,1
4x4 SRX 2.8 TDI 6 A/T 7A,1
5,1
5 2.0 LUXURY CVT,1
5 PUERTAS 2.0TD,1
5 puertas 2.0 MT,1
5.0 I,2
5.0 Ml500 Nafta,1
5.0 Ml500 Sport,1
5.0 V8 S/c,1
5.0 V8 S/c Hse,2
5.2 V8 Limited,13
5.2 V8 Limited Tc,4
5.2 V8 Tc Limited,5
5.5 Gle43 Amg 585cv,1
5.5 Ml500 V8 Facelift,1
5.5 V8 Gle Coupé 63 S 4matic 585 Cv,2
5.7 Overland,1
5.7 Overland Atx,5
5.7 Overland Automática,1
500,1
53 amg,1
55 Quattro,1
55 tfsi Sline,1
6.1 Srt-8 Hemi,7
6.4 Srt Atx 465hp At,16
6.4 Srt8,2
63 Amg,1
80 ANIVERSARIO,1
80 ANIVERSARIO EDIC,1
90 TDI SOFT TOP,1
ABARTH,5
ABARTH TURBO 270,1
ACTIV,1
ACTIVE PACK AT,1
AIRCROSS,1
AIRCROSS T200 SHINE,3
ALLSPACE 1.4 TSI,1
ALLSPACE 1.4 TSI AT,1
ALLSPACE 2.0 350 TSI 4X4 AT 220CV,1
"ALLURE PACK AM23,5",1
ALLURE PLUS HDI TIPTRONIC,1
AMG 2.0 4MATIC,1
ANTICIPO Y CUOTAS,1
AT 3.6 V8,1
AT Safety,1
AUDACE 1.0 TURBO,1
AUDACE 1.0T CVT,1
AUDACE TURB0 1000,1
AUDACE TURBO,1
AUDANCE 1.0,1
AWD LTZ 4x4,1
AWD PREMIER +,1
AWD Premier,1
Abarth,5
Abarth 1.3 T 270,1
Abarth Turbo 270 AT6,1
Active 1.6,1
Active Pack TipTroni,1
Advance,1
Advance CVT Plus,1
Advance Cvt,5
Advanced 2.0 quattro,1
Advanced 45 Quattro 252cv Stronic,1
Advanced 45 TFSI,1
Advanced 45 tfsi Quattro,1
Aircross 1.6 Shine,1
Aircross T200 Shine,1
All Grip,1
Allure,1
Allure 1.6,1
Anniversary,1
At Premium,1
Audace,8
Audace 1.0 Turbo,1
Audace 1.0 turbo,1
Audace 1.0T CVT,2
Audance,1
Audi Q5 Advanced 45,1
Automatica,1
Automatico,1
Awd ltz,1
Awd ltz 4x4,1
B4 MILD HYBRID,1
B4 PLUS MILD HYBRID,2
B4 PLUS SEMIHIBRIDO,1
B4 ULTIMATE MILD HYBRID,1
BASTILLE,1
BASTILLE 215,1
BASTILLE 215 MY 23,1
BASTILLE 215 MY23,5
BI tono 1.4 250 tsi Aut,1
BIG BEND 1.5 AT,1
BIG BENG 1.5 4X4,1
BITONO,2
BMW X1 2.0 Xdrive 25i Xline 231cv,1
BMW X1 Xdrive 2.0 L,1
BMW X3 30i Okm 2024 Linea nueva - Tablero digital - 258 CV - 4X4,1
BMW X3 Hibrida Okm 2024 - Linea nueva - Llantas 20,1
BMW X6 xDrive 40i,1
BOSE 1.6 CVT,1
Bastille,5
Bastille 1.6T 215 HP,1
Blue Efficiency,1
Bronco 1.5T Sport Big Bend Ecoboost,1
Bronco 2.0T Sport Wildtrack Ecoboost,1
C3 picasso,1
C4 1.6 THP 165 AT6,1
C4 CACTUS NOIR,1
C4 Cactus Feel+ tip.,1
C4 Catus,1
COMFORTLINE 200TSI,1
COMFORTLINE 200TSI 1.0 TIP,1
COMFORTLINE 250 TSI AT,2
COMFORTLINE 250TSI,1
COMFORTLINE MY24,1
COMFORTLINE TSI 170 MT,1
COMFORTLINE TSI 200 AT,1
COMPASS SERIE S T270 1.3T,1
CONCERT 1.6 THP TIPTRONIC AM20,1
"CONFORT TURBO ""SPORT"" CVT",2
CONFORT TURBO CVT,8
CONFORTLINE 1.4 TSI,1
CONFORTLINE 1.4T,1
COOPER S ALL4,1
CRETA,1
CROSS 1.4T AT9 4X4,1
CRV EXT 4x4 turbo,1
Chevrolet Trailblazer Premier 2.8 Diesel Turbo Automático Awd,2
Chevrolet Trailblazer Premier 2.8d Turbo Automático Awd 2024,1
Citroën C4 Cactus 1.6 Thp 165 At6 Shine,1
Classic,1
Comfort cvt,1
Comfortline,18
Comfortline 1.4 Tsi,1
Comfortline 1.4 Tsi 150cv Tiptronic,1
Comfortline 1.4 Tsi Aut 150 Cv,1
Comfortline 250 TSI,1
Comfortline 250 tsi,1
Comfortline 250 tsi At,6
Comfortline 250Tsi AT,1
Comfortline At,1
Comfortline my24,1
Commander Limited,1
Compass Longitude 2.4 AT9 AWD,1
Concesionario Oficial Verificado 0810-112-7211 Opcion 1,1
Concesionario Oficial Verificado 0810-112-7211 Opción 1,1
Concesionario Oficial Verificado. Todas las versiones disponibles,1
Confort Cvt 1.5L,1
Confort Line,1
Confort Mt,2
Confort manual 4x2,1
Confortline 250 Tsi,1
Confortline tsi,1
Countryman Cooper S Classic Confort,1
Crd3.0 Limited Atx,1
Cvt,2
DIAMOND,2
DLX 2.8 4X2,1
DS 7 BASTILLE 215 MY23,3
DS7 Crossback E-tense 4x4 300 Bastille,1
DUSTER PRIVILEGE 1.6,1
DUSTER ZEN 1.6 M/T,1
DYNAMIC 1.6,1
DYNAMIC 2.0 4x4 CVT,1
Dakar 2.0 4x4,2
Dakar 4x4 2.0,1
Diamond,2
Diamons,1
Drive 1.3,1
Drive CVT,3
Drive Mt,2
Drive cvt 2024,1
Drive mt 2024,1
Ds Ds7 E-tense Hibrida 4x4 300 Bastille+,1
Dynamique 1.6 4x2 16V 110 hp - Anticipo -,1
E-MOTION AT,1
E-POWER,7
E-Power,1
EMOTION 1.6 SCe 114 2WD,1
EPower Exclusive Cvt,1
EX 1.5 Turbo 4X2,1
EX 1.6 A/T,1
EX 1.6 Automatico,1
EX 1.6 T TGDI DCT A/T 4x2,1
EX 1.6 T-GDI 4X2,1
EX 1.6 T-GDI 4x2,1
EX 1.6 TGDI 4x2,1
EX 1.6 TGDI DCT 4X,1
EX 2.0,1
EX 2.0 A/T,1
EX 2.0 A/T 4X2,1
EX 2.0 A/T 4X4 CRDI,1
EX 2.0 A/T 4x4 CRDI,1
EX 2.0 A/T CRDI,1
EX 2.0 AT,1
EX 2.0 AT 4x4 GT LINE,1
EX 2WD,1
EX 3.8 V6 4X4 AT,1
EX PREMIUM 4WD,1
EX V6,1
EX X-Line 1.6 Turbo,1
EX-L,2
EX-L 1.5,1
EX-L 1.5 AT CVT,1
EX-T 1.5 TURBO AWD,1
EXL,3
EXL 1.5,1
EXL 1.5 121cv,1
EXL 1.5 hp,1
EXL CVT,3
EXPRESIÓN,1
EXPRESSION 1.6 4X2,1
EXPRESSION 1.6 RURAL,1
EXT 1.5 Turbo VTEC AWD CVT,1
EXT 4WD 1.5 TURBO,1
Electric,1
Elx,1
Emotion 1.6 Nafta,1
Ex,6
Ex 1.5 Turbo,1
Ex 1.6 T-gdi 4x2,1
Ex 4X4,1
Ex TGDI,1
Ex-l 1.5 At Cvt,1
Ex-l 4wd 175cv Cvt,1
Exclusive,1
Exclusive Cvt,4
Exl 2.4 At 4x4,1
Exl cvt 2024 0km,1
Expression,1
Expression L 2.5 4x2,1
Ext 1.5,1
FEEL + AT BITONO,1
FEEL + AUTOMATICA,1
FEEL + MY 23,1
FEEL AT +MY23,1
FEEL DESIGN,1
FEEL PACK THP 1.6 EAT6,1
FEEL+ AT,1
FELINE TIPTRONIC,1
FELL +,1
FREESTYLE,1
FWD Premier,1
Fashion Turbo,1
Feel +,7
Feel + at,1
Feel Pack  AM 21,1
Feline,1
Firts Edition EAT6,2
Ford EcoSport 1.6 xl,1
Ford Ecosport 1.6 se,1
Ford Ecosport freest,2
Fortuner,1
Full,1
Fwd Premier,1
GAZOO RACING,1
GDI AT 1.6 TURBO,1
GL AT 2.4,1
GLA 200 PROGRESSIVE,2
GLA 200 PROGRESSIVE FACELIFT,1
GLA 250 4MATIC,1
GLA250,1
GLC 300 AMG-LINE,1
GLC 300 COUPE,1
GLC 300 COUPÉ 4MATIC,1
GLC 300 Coupe AMG Line,1
GLC 300 amg line,2
GLC300 Coupe 4matic,1
GLE 53 AMG,1
GLE 53 COUPE 435 CV,1
GLE 53S,1
GLE 63 AMGs V8,1
GLE-53 AMG coupe,1
GLK 280 4MATIC,1
GLX SR 1.6L 4X4  A/T,1
GR,1
GR Sport,1
GR-Sport,1
GRAND CHEROKEE LIMITED,1
GT LINE 1.6THP AT,1
GT LINE THP TIPTRONIC,1
GT Line 2.0 HDI Triptonic,1
GT Line Tiptronic,1
GT PACK,2
GT PACK AM 23.5,1
GT PACK AT,1
GT PACK HDI TIPTRONIC,1
GT PACK NAFTA,1
GT PACK THP,1
GT PACK THP 1.6,1
GT PACK THP 1.6 TURBO,2
GT PACK THP TIP.,1
GT PACK THP TIPTRONIC,2
GT PACK TIP,1
GT PACK TIPTRONIC,1
GT Pack,2
GT Pack 1.6 THP,1
GT-LINE HDI TIPTRONIC,1
Gls,1
Gls 4x4 At,1
Grs,1
Gt,1
Gt Pack Hybrid4,1
Gt-pack Nafta,1
H6 2.0T 4x4,1
HD 2.5 AWD LIMITED CVT,1
HDI 180 AUTOMATIC RIVOLI MY21,1
HDI 2.0,1
HIBRIDA 1.8 ECVT,1
HIBRIDO AWD 2.5,1
HIGHLINE 1.0 TSI 200,1
HIGHLINE 1.4 TSI 150cv TIPTRONIC,1
HIGHLINE 2.0 TSI 4MOTION DSG,1
HIGHLINE 200 AT,1
HIGHLINE 2024,1
HIGHLINE 250 TSI AT MY24,1
HIGHLINE 250 TSI BT,1
HIGHLINE 250TSI 1.4 TIP,3
HIGHLINE 250TSI AT,1
HIGHLINE BI TONO,1
HIGHLINE BI TONO 250TSI,1
HIGHLINE BI-TONO 250TSI 1.4 TIP,3
HIGHLINE BITONO,1
HIGLINE AT 1.0 200 TSI 116 CV,1
HILUX SW4 4X4 at cue,1
HSE X-DYNAMIC PLUG IN HYBRID,1
HSE X-DYNIMIC PLUG IN HYBRID,1
HV 2.5 AWD LIMITED,1
HV 2.5 AWD Limited CVT,1
HV 2.5 LIMITED 4X2,1
HV 2.5 LIMITED CVT,1
HV 2.5 Limited,1
HV 2.5 Limited CVT,1
HV 2.5 XLE CVT,2
HYBRID 4,1
"HYUNDAI TUCSON 2,0 4X2 GL AT",1
Hev Cvt,2
Hibrida,1
Hibrida awd,1
Hibrido,1
High Line,1
Highline,10
Highline 200 tsi,2
Highline 200TSI AT,1
Highline 250 TSI,1
Highline 250 TSI AT,4
Highline 250 Tsi At,4
Highline 250 tsi bi Tono,4
Highline 250Tsi AT,1
Highline At,1
Highline Bi Tono,2
Hilux asientos de cuero,1
Honda HR-V EXL 1.5,1
Honda HR-V LX CVT,1
Hse X-dynimic Phev,1
Hv 2.5 4x2 Limited Cvt,1
Hv 2.5 AWD LIMITED CVT,1
Hv 2.5 Awd Limited,1
Hyundai creta,1
H´BRIDA TITANIUM 2.5,1
HÍBRIDO 2.5L AT AWD,1
Híbrida,1
Híbrido enchufable,1
ICONIC,3
"ICONIC 1,3 CVT",1
"ICONIC 1,3T 4X4 MT 2024",1
ICONIC 1.3 CVT,1
ICONIC 1.3 T 4X4,1
ICONIC 1.3 TURBO 4X4,1
ICONIC 1.3 T| 4X4,1
ICONIC 1.3T,1
ICONIC 1.3T 4X4,1
ICONIC 1.3T CVT,2
ICONIC 1.3T CVT 4X2,1
ICONIC 4X2 1.3 TURBO,1
ICONIC 4X4 1.3 TURBO,1
II LUXURY,7
II LUXURY BI-TONO,3
II LUXURY TURBO,9
IMPETUS 1.0T CVT,1
INSCRIPTION T6 AWD AT,1
INTENS,1
INTENS 1.6 CVT,1
INTENS 2.0,2
INTENS CVT,2
INTENS CVT  AUTOMATICO,1
INTENS CVT 1.6,1
INTENSE/ICONIC,1
Iconic,2
Iconic 1.3 4x4,1
Iconic 1.3 CVT 4x2,1
Iconic 1.3 TCe Turbo,1
Iconic 1.3 tce cvt,1
Iconic 4x4 1.3t mt,1
Ii,2
Impetus 1.0T,2
Impetus 1.0T CVT,1
Intens 1.6 CVT,2
Intens 4x2 MT,1
Intense 1.6 4x2 MT,1
Intense 1.6 Manual,1
Jiii,1
Jlx,1
Jlx 1.6,1
Jlx TD mazda diesel,1
John Cooper Works,1
John Cooper Works 4ALL,1
Jonh Cooper Works 4ALL,1
KANGOO STEPWAY 1.5 Dci,1
KANGOO STEPWAY 1.6 NAFTA,1
KUGA HIBRIDA PLATINUM,1
KUGA SEL 4X4 AT AWD,1
Kia New Sportage,1
Kia New Sportage 4x2,1
Kia Sportage Xline,1
Kuga Se 2.5L Hibr. At,1
Kuga Se 2.5L Hibrida At,1
LAREDO 3.6 V6 AT,1
LIFE,1
LIFE 2.0 350TSI 220cv,1
LIFE 350 TSI 4M,1
LIFE 350TSI,1
LIMITE,1
LIMITE 1.3L TURBO NAFTA,1
LIMITED 1.3L AT6 4X2,1
LIMITED 2.0,1
LIMITED 2.0 AT9 4WD,6
"LIMITED 3,6L V6 AT8 4X4",1
LIMITED 3.6L AT8,1
LIMITED 3.6L AT8 4X4,1
LIMITED 4X2 1.3 T270,1
LIMITED GSE 1.3T AT6 4X2,1
LIMITED HIBRIDA 4X4 AT,1
LIMITED HV,1
LONGITUDE 1.3 T AT6,1
LONGITUDE 1.3T AT6 4X2,1
LONGITUDE 1.8L AT6,1
LONGITUDE T270 AT6 4X2,1
LT,1
LT 2.4,1
LT AT 1.2 TURBO,1
LT Automatica,1
LTZ + AWD AT,1
LTZ 1.2 AT,1
LTZ 1.2T AT,1
LTZ AT,1
LTZ AUTOMATICA 0KM 2022 STOCK,1
LUXURY CVT AUTOMÁTIC,1
LUXURY TURBO SPORT BI-TONO,1
LX 1.5,1
LX 1.5 AT CVT 2WD,1
LX 1.5 CVT 2024,1
LX 2WD 1.5 t 191 cv,1
LX 570 Luxury,1
LX AT 4x2,1
LX AT CVT 1.5,1
LX CVT 2WD,1
Life 350 TSI DSG 4x4,1
Life 350 Tsi 4Motion DSG,4
Life! 350 Tsi,1
Limited,12
Limited 1.3 T 270,1
Limited 2.0 TD 4x4,1
Limited 2.0L AT 4x4,1
Limited 4X2,5
Limited 4X4,1
Limited 4x2 AT6,1
Limited 4x4 HV Hibrida,1
Limited CVT,1
Limited T270,1
Limited T270 AT6 4X2,1
Longitud,1
Longitud 1.3T AT6 4X2,1
Longitude,1
Longitude 1.3 T270,1
Longitude 4x4 AT9,1
Longitude 4x4 At9,1
Longitude AT6 AWD,1
Longitude Plus 1.3T AT6 4x2,1
Longitude T270 AT6,1
Lt 1.4n,1
Lt 2.2 D 7 asientos,1
Ltz,4
Ltz Fwd 1.8 Mt 140Hp 178Nm Torque - Anticipo -,1
Ltz+4x4,1
Luxe Nav 4x4,1
Luxury,3
Luxury 4x2 At,1
Luxury CVT,1
Luxury CVT 1.5T,1
Luxury cvt,2
Lx,8
Lx 1.8L Cvt,1
Lx 2Wd,2
Lx cvt,1
M,2
M40I,1
M40i Sport,1
MACH - E AT AWD ELECTRICO,1
ML 350 4 MATIC LUXURY,1
ML350,1
MSI 1.6 16V,1
MT 1.3,1
MT5,1
Mach-E,1
Mach-E  100% Eléctrico 487cv,1
Manual de 5 Marchas,1
Manual y Automatico,1
Mt,1
NEW BASTILLE 215 AT8 MY23,1
NEW CRETA,1
NEW CRETA 1.5 CVT SAFETY,1
NEW CRETA 1.5 CVT SAFETY +,1
NEW CRETA SAFETY,1
NEW Veloce Q4,1
Nafta,3
New 1.5 AT Safety +,1
New Awd 1.6 Turbo A7,1
New Cr-v Ex 1.5t 2wd,1
New Cr-v Lx 1.5t 2wd,1
New Creta Safety,1
Nivus Comfortline 200 TSI AT,1
Noir THP,1
OUTSIDER 1.3 TCe  4X4 4X2,1
OUTSIDER 1.3Tce 4x4,1
OUTSIDER 1.6,1
OUTSIDER 4X4,1
OUTSIDER PLUS 2.0,1
OVERLAND 3.6 V6,1
OVERLAND AT,1
Offroad,1
Otras versiones,1
Outsider,1
Overland,1
PACK PLUS,1
PH2 EXPRESSION 1.6,1
PLUS B4 MILD HYBRID,2
PRADO VX,1
PRADO VX A/T,1
PREMIER,6
PREMIER 1.2 AT,2
PREMIER 1.2T AT,3
PREMIER TURBO AT,1
PREMIUN 2.0 CRDI DE 180CV 4X4 AUT,1
PRO,1
PROGRESSIVE,1
Plus,1
Prado 2.8 4x4 AT,1
Prado VX,1
Premier,3
Premier 1.2T AT,1
Premier 1.8 MT,1
Premier 4x4,1
Premier 7p 1.8,1
"Premier AT 1,2 Turbo",1
Premier AT 1.2,1
Premier At,2
Premier LTZ MT,1
Premier M/T 7as,1
Privilege,1
Q5 2.0 tfsi quattro,1
Q5 45 TFSI Advanced ( 245cv ) Mild Hybrid,1
Q5 Sportback Advanced 45 TFSI quattro 245 cv Stronic,1
RAV4 HV 2.5 AWD LIMITED CVT,1
RAV4 HV 2.5 LIMITED CVT,1
RIVOLI,1
RIVOLLI 215,1
RS,4
RS 1.5 TURBO FWD,2
Range Rover Velar P250S R-Dynamic,1
Rav 4 2.5 Hybrid Limited,1
Rav4,1
Renault Duster Iconic 1.3t CVT,1
Renegade Sport Manua,1
Rivoli,5
Rs,1
Rs 1.5T,1
S,2
S 1.3TURBO,1
S Limited,1
S5 INTELLIGENT DCT,1
SAFETY +,1
SE 2.4,2
SE 2.5 HIBRIDO,1
SEG,2
SEG 2.0 CVT,2
SEG 2.0CVT,1
SEG HEV,1
SEG HEV 1.8 eCVT,1
SEG HV,1
SEG HV 1.8 ECVT,1
SEG HYBRID,1
SEL,1
SEL 1.8 180cv Entrega inmediata,1
SEL 1.8 AT,1
SEL 1.8 NAFTA,1
SEL 1.8L TURBO,1
SEL EUS Turbo,1
SENSE 1.6 MT,1
SERIE S,13
SERIE S 1.3T 4X2,1
SERIE-S 1.3 TURBO NAFTA 175CV AT6,1
SERIE-S T270 AT6,1
SHINE,1
SHINE  TOPE DE GAMA,3
SHINE 1.6 TURBO AUTO,1
SHINE T200,1
SHINE THP TIP.,1
SI4 2.0 TODO TERRENO,1
"SPORT 1,8 MT",1
SPORT 1.3T AT6 4X2,2
SPORT 1.6 THP,2
SPORT 1.8 AT6,2
SPORT 1.8 MT5,1
SPORT 1.8 MT5 FWD,1
SPORT 1.8L AT6,1
SPORT 1.8L AT6 4X2,1
SPORT 1.8L MT5 FWD,1
SPORT 2.4 4X4,1
SPORT 2.4 AT6,1
SPORT MT5,5
SPORT T270,1
SPORT T270 AT6 4X2,1
SPORTBACK 45 TFSI S LINE QUATTRO,1
SPORTBACK S LINE 55 QUATTRO 408CV,1
SRV M/T,1
SRX,1
SRX 2.8 TDI 6 A/T  7A,1
SRX 2.8 TDI AT 7AS,1
SRX 2.8 TDI AT6 7AS,1
SRX 204Cv 7A AT,1
SRX 204cv,1
SRX 4X4,1
SRX 4X4 AT,1
SRX 7 As AT,1
SRX AT,1
SRX AT 7A,3
SRX Y DIAMOND,1
STEPWAY 1.6,1
STEPWAY ZEN,1
STORM,2
STORM 2.0 GDI 4X4 AT,1
SUV,1
SW4 3.0 srv 4x4,1
SW4 4X4 SRV 3.0 TDI,1
SW4 4X4 SRV 3.0 TDI C/CUERO,1
SW4 4X4 SRX 2.8 TDI 6 AT 7A FULL,1
SW4 SRV 4X4 TDI 3.0 MT 5AS,1
SW4 SRX 2.8 TDI 6 AT,1
SW4 SRX 7A AUT FULL,1
SW4 SRX At,1
SW4 TDI SRV CUERO AT L/12,1
SXT,1
SXT 2.4 3 FILAS,1
Safety 1.6,1
Safety 1.6 At,1
Safety Plus,1
Sdrive 20 I,1
Se,1
Se 1.5,1
Se 2.0,1
Se 2.5 Hibrido At Fwd,1
Se 2.5l Hibrida At Fwd,1
Se híbrida,1
Seg,1
Seg 2.0 Cvt,1
Seg hybrida,1
Sense,1
Sense MT F2,1
Serie S,15
Serie S 1.3 4x2,1
Serie S 1.3 AT6 T270,1
Serie S 1.3T,1
Serie S 1.3t at6,2
Serie S 4x2,2
Serie S t270,1
Serie S t270 At6,1
Serie S t270 at6,2
Serie s (limited),1
SerieS 1.3L,1
Series S,1
Shine,5
Shine T200,1
Si,1
Sline 45 TFSI 245cv,1
Sorento ex 2.4 l 4x2,1
Special Edition Cvt,1
Sport,16
Sport 1.3T AT6 4x2,1
Sport 1.8 At6,1
Sport 1.8 MT,3
Sport 1.8 Mt,1
Sport 1.8 manual,1
Sport 1.8 mt,1
Sport 1.8 mt5,1
Sport 1.8L ML5,1
Sport 1.8mt,1
Sport 2.4 Automática,1
Sport At,1
Sport At6,1
Sport Mt,4
Sport Mtx Unlimited,1
Sport Plus MT,1
Sport T270,2
Sport TDV6 Hse 4x4,1
Sport at6,1
Sportback 45 TFSI Advanced,1
Sportback 55 S Line Quattro,1
Sportback 55 Sline Quattro,1
Sportback Sline 45tfsi,1
Srt8,1
Srv 4x4 3.0 manual,1
Srv 4x4 Cuero 7 Asie,1
Srv cuero 4x4 manual,1
Srx 177cv automática,1
Srx 2.8tdi 204cv 4x4 At My24 L/nva,1
Srx at 7a,1
Stepway 1.6,1
Stepway Volcom,1
Storm 4x4,1
Style 1.6 At,1
Style 2.0 At,1
Suzuki grand vitara,1
Sw4,1
Sw4 4x4 SRX 2.8 TDI,1
Sw4 con cuero,1
Sx,1
T-Cross 1.6 Trendline,1
T-Cross Trendline 170 TSI MT,1
T.200 120 CV  SHINE,1
T200 AT7 Shine,1
T200 SHINE,1
T200 Shine,3
T200 Shine 0km (S),1
T200 Shine 0km 2024,1
T270,1
T4 MOMENTUM,1
T5 240CV,1
T5 Awd Inscription,1
T5 MOMENTUM AWD 247HP,1
T5 R-design AWD 247hp,1
T6 INSCRIPTION 320HP,1
T8 ULTIMATE DARK,1
TD 2.0 4x4,1
TDI QUATTRO,1
TECKNA,1
TFSI S TRONIC QUATTRO,1
THP 165 EAT6 FEEL PACK,1
THP AT NOIR,6
THP SHINE,1
TITANIUM,1
TITANIUM 1.5L GTDI,2
TITANIUM 1.6L  MT N,1
TITANIUM 1.8,1
TITANIUM 1.8 AT,1
TITANIUM 1.8 TURBO 7AT,1
TITANIUM 1.8L,1
TITANIUM 2.0 AT,1
TITANIUM 2.0L AT,1
TITANIUM 2.0L MT N,1
TITANIUM 2.5 HIBRIDA,1
TITANIUM 2.5L  AT AWD,1
TITANIUM 2.O AUTOMAT,1
TITANIUM AT,2
TITANIUM AT 180 CV 1.8 4X2,1
TITANIUM HIBRIDA,1
TITANIUN 2.0,1
TODOTERRENO,1
TOURING AWD TODO TERRENO,1
"TRACKER 5P 1,8 LTZ A/T 4X4 A",1
TRACKER LT AT,1
TRAILHAWK,1
TRAILHAWK 1.3T 4X4 AT9,1
TRAILHWK 1.3 AT 9,1
TRENDLINE 1.6 MSI 110CV,1
TSI DSG,1
TSI SPORT MT,1
TUCSON 2.0 2WD AT,1
Tdi,1
Tdi 3.0 Quatro,1
Thp At Noir,1
Thp Noir,1
Thp shine,1
Titanium,9
Titanium 1.5,1
Titanium 1.5 Gtdi 4x2 At,1
Titanium 1.5 Turbo AT,1
Titanium 1.6L MT N,1
Titanium 1.8 AT,1
Titanium 1.8 At Directo Fabrica! EMPRESAS Hd,1
Titanium 1.8 l at,1
Titanium 1.8 nafta solo para empresas!!,1
Titanium 2.0 at,1
Titanium Permuto!!!,1
Toyota SW4,1
Toyota SW4 2.8 Srx,1
Toyota SW4 SRX 4x4 2.8 204cv,1
Tracker FWD PREMIER,1
Tracker LTZ AT,1
TrailHawk,1
TrailHawk 2.0 TD,2
TrailHawk 4x4,1
Trailhawk,2
Trailhawk 1.3 T270 AT9 4x4,1
Trailhawk 2.0 TD 4x4,1
Trailhawk 3.2 V6 At,1
Trailhawk 4x4 at9 t270,1
Trendline,8
Trendline 170 TSI,1
Trendline 170 TSI MT,1
Tucson GL 2.0 2WD,1
Turbo,3
Turbo Electric,1
UEFA CHAMPION LEAGUE,1
ULTIMATE B4 MILD HYBRID,1
UNLIMITED MT,1
UX250H,1
Ultimate,1
Unlimited Sport V6,1
V6 353HP,1
V8 4.0 659HP,1
VTI 1.6 N,1
VX 3.0,1
Volvom 1.6 nafta,1
WILDTRACK 2.0 4X4,1
Wildrack,1
Wildtrack,2
Wrangler Unlimited Sport V6,1
X,1
X - LINE 1.6T,1
X LINE 1.6T,1
X TRAIL 2.5 NAFTA EXCLUSIVE CVT,1
X drive 2.0 diesel,1
X- Line T-GDI 4x4 1.6 Turbo,1
X-Line,1
X-Line 1.6 TGDI,1
X-line 4x4 1.6t,1
X1 20i Linea nueva 2024 - 4x4,1
X1 20i X-Drive,1
X1 25i 2031 cv - 4x4 - Automática,1
X1 25i xdrive xline,1
X1 Linea nueva 2023 - 205 CV,1
X1 Linea nueva 2023 - Black edition (limitada),1
X1 Linea nueva 2024 - Black edition (limitada) 4x4 - 205 CV,1
X1 SDRIVE 18I,1
X1 linea nueva 2024 - Tablero curvo Okm - Full,1
X2 35i M Performance 4x4 con 306 CV,1
X25i,1
X3 M40i Drive Sport,1
X3 XDrive 3.0,1
X4 20i automática 184 cv - 4x4 año 2019,1
X5 XDRIVE 40i,1
X5XDRIVE40I,1
X6 M,1
XC 40 T5 AWD,1
XC40 T5 262HP ULTIMATE DARK,1
XC40 T5 PHEV,1
XDrive 25i XLine 231cv,1
XEI 2.0 CVT,1
XEI HEV,1
XEI HEV 1.8 ECVT,1
XEI Hibrido,1
XLI 2.0 CVT,2
XLI Automatico,1
XLI CVT,2
XLI CVT 2.0,1
Xdrive,2
Xdrive 20 I,1
Xdrive 25i,1
Xdrive 30I,2
Xdrive 30e,2
Xl,1
Xl plus,1
Xle,1
Xli CVT 2.0,1
Xline,2
Xls 1.6,1
ZEN 1.6,1
Zen,1
aircross shine,1
audace 1.0t,1
bastille,1
bose,1
cherokee,1
comfortline 1.6 MSl,1
comfortline 200 TSI,1
cvt luxury 1.6,1
duster iconic 1.3T CVT,1
ePower,2
ex 1.5 Turbo,1
exprecion,1
feel pack c-series 1.6 mt5,1
feel pack desing,1
glc 300 coupe,1
gr,1
gt pack thp,1
hibrida,1
highline bitono,1
highline hero 1.6,1
iconic,2
iconic 1.3T cvt 4x2,1
"iconic 4x2 cvt polo, yaris, cronos",1
iconic 4x4,1
intens 4x2 MT,1
intens cvt,2
intense/iconic,1
limited serie s,1
longitude,1
longitude T270 AT6,1
ltz at,1
luxury manual,1
noir,1
premier,2
renegade sport at,1
sDrive 20i M Sport X,1
safety 1.6 AT,1
serie S,1
serie s,1
shine t200,1
sport 1.3 at6,1
sporto style dsg,1
srx,1
srx 2.8 tdi 204 CV,1
stepway 1.6,1
stepway 1.6 berlingo partner,1
storm,1
sw4 3.0 td,1
sw4 srv manual cuero,1
sxt 2.4,1
t270 1.3 At6,1
tdi 3.1 turbo diesel,1
titanium 1.8 AT,1
titanium 1.8l,1
trailblazer,1
trendline 170 tsi mt,1
vx 100,1
x70 7 plazas,1
xDrive 25i,1
xDrive 25i (231 cv),1
xDrive 30e,1
xDrive 40i,1
xei nafta,1
xls plus,1
